O........;1.1
.O.......;2.1
..O......;3.1
...O.....;4.1
....O....;5.1
.....O...;6.1
......O..;7.1
.......O.;8.1
........O;9.1
OX.......;1.2
O.X......;2.2
O..X.....;3.2
O...X....;4.2
O....X...;5.2
O.....X..;6.2
O......X.;7.2
O.......X;8.2
XO.......;9.2
.OX......;10.2
.O.X.....;11.2
.O..X....;12.2
.O...X...;13.2
.O....X..;14.2
.O.....X.;15.2
.O......X;16.2
X.O......;17.2
.XO......;18.2
..OX.....;19.2
..O.X....;20.2
..O..X...;21.2
..O...X..;22.2
..O....X.;23.2
..O.....X;24.2
X..O.....;25.2
.X.O.....;26.2
..XO.....;27.2
...OX....;28.2
...O.X...;29.2
...O..X..;30.2
...O...X.;31.2
...O....X;32.2
X...O....;33.2
.X..O....;34.2
..X.O....;35.2
...XO....;36.2
....OX...;37.2
....O.X..;38.2
....O..X.;39.2
....O...X;40.2
X....O...;41.2
.X...O...;42.2
..X..O...;43.2
...X.O...;44.2
....XO...;45.2
.....OX..;46.2
.....O.X.;47.2
.....O..X;48.2
X.....O..;49.2
.X....O..;50.2
..X...O..;51.2
...X..O..;52.2
....X.O..;53.2
.....XO..;54.2
......OX.;55.2
......O.X;56.2
X......O.;57.2
.X.....O.;58.2
..X....O.;59.2
...X...O.;60.2
....X..O.;61.2
.....X.O.;62.2
......XO.;63.2
.......OX;64.2
X.......O;65.2
.X......O;66.2
..X.....O;67.2
...X....O;68.2
....X...O;69.2
.....X..O;70.2
......X.O;71.2
.......XO;72.2
OXO......;1.3
OX.O.....;2.3
OX..O....;3.3
OX...O...;4.3
OX....O..;5.3
OX.....O.;6.3
OX......O;7.3
OOX......;8.3
O.XO.....;9.3
O.X.O....;10.3
O.X..O...;11.3
O.X...O..;12.3
O.X....O.;13.3
O.X.....O;14.3
OO.X.....;15.3
O.OX.....;16.3
O..XO....;17.3
O..X.O...;18.3
O..X..O..;19.3
O..X...O.;20.3
O..X....O;21.3
OO..X....;22.3
O.O.X....;23.3
O..OX....;24.3
O...XO...;25.3
O...X.O..;26.3
O...X..O.;27.3
O...X...O;28.3
OO...X...;29.3
O.O..X...;30.3
O..O.X...;31.3
O...OX...;32.3
O....XO..;33.3
O....X.O.;34.3
O....X..O;35.3
OO....X..;36.3
O.O...X..;37.3
O..O..X..;38.3
O...O.X..;39.3
O....OX..;40.3
O.....XO.;41.3
O.....X.O;42.3
OO.....X.;43.3
O.O....X.;44.3
O..O...X.;45.3
O...O..X.;46.3
O....O.X.;47.3
O.....OX.;48.3
O......XO;49.3
OO......X;50.3
O.O.....X;51.3
O..O....X;52.3
O...O...X;53.3
O....O..X;54.3
O.....O.X;55.3
O......OX;56.3
XOO......;57.3
XO.O.....;58.3
XO..O....;59.3
XO...O...;60.3
XO....O..;61.3
XO.....O.;62.3
XO......O;63.3
.OXO.....;64.3
.OX.O....;65.3
.OX..O...;66.3
.OX...O..;67.3
.OX....O.;68.3
.OX.....O;69.3
.OOX.....;70.3
.O.XO....;71.3
.O.X.O...;72.3
.O.X..O..;73.3
.O.X...O.;74.3
.O.X....O;75.3
.OO.X....;76.3
.O.OX....;77.3
.O..XO...;78.3
.O..X.O..;79.3
.O..X..O.;80.3
.O..X...O;81.3
.OO..X...;82.3
.O.O.X...;83.3
.O..OX...;84.3
.O...XO..;85.3
.O...X.O.;86.3
.O...X..O;87.3
.OO...X..;88.3
.O.O..X..;89.3
.O..O.X..;90.3
.O...OX..;91.3
.O....XO.;92.3
.O....X.O;93.3
.OO....X.;94.3
.O.O...X.;95.3
.O..O..X.;96.3
.O...O.X.;97.3
.O....OX.;98.3
.O.....XO;99.3
.OO.....X;100.3
.O.O....X;101.3
.O..O...X;102.3
.O...O..X;103.3
.O....O.X;104.3
.O.....OX;105.3
X.OO.....;106.3
X.O.O....;107.3
X.O..O...;108.3
X.O...O..;109.3
X.O....O.;110.3
X.O.....O;111.3
.XOO.....;112.3
.XO.O....;113.3
.XO..O...;114.3
.XO...O..;115.3
.XO....O.;116.3
.XO.....O;117.3
..OXO....;118.3
..OX.O...;119.3
..OX..O..;120.3
..OX...O.;121.3
..OX....O;122.3
..OOX....;123.3
..O.XO...;124.3
..O.X.O..;125.3
..O.X..O.;126.3
..O.X...O;127.3
..OO.X...;128.3
..O.OX...;129.3
..O..XO..;130.3
..O..X.O.;131.3
..O..X..O;132.3
..OO..X..;133.3
..O.O.X..;134.3
..O..OX..;135.3
..O...XO.;136.3
..O...X.O;137.3
..OO...X.;138.3
..O.O..X.;139.3
..O..O.X.;140.3
..O...OX.;141.3
..O....XO;142.3
..OO....X;143.3
..O.O...X;144.3
..O..O..X;145.3
..O...O.X;146.3
..O....OX;147.3
X..OO....;148.3
X..O.O...;149.3
X..O..O..;150.3
X..O...O.;151.3
X..O....O;152.3
.X.OO....;153.3
.X.O.O...;154.3
.X.O..O..;155.3
.X.O...O.;156.3
.X.O....O;157.3
..XOO....;158.3
..XO.O...;159.3
..XO..O..;160.3
..XO...O.;161.3
..XO....O;162.3
...OXO...;163.3
...OX.O..;164.3
...OX..O.;165.3
...OX...O;166.3
...OOX...;167.3
...O.XO..;168.3
...O.X.O.;169.3
...O.X..O;170.3
...OO.X..;171.3
...O.OX..;172.3
...O..XO.;173.3
...O..X.O;174.3
...OO..X.;175.3
...O.O.X.;176.3
...O..OX.;177.3
...O...XO;178.3
...OO...X;179.3
...O.O..X;180.3
...O..O.X;181.3
...O...OX;182.3
X...OO...;183.3
X...O.O..;184.3
X...O..O.;185.3
X...O...O;186.3
.X..OO...;187.3
.X..O.O..;188.3
.X..O..O.;189.3
.X..O...O;190.3
..X.OO...;191.3
..X.O.O..;192.3
..X.O..O.;193.3
..X.O...O;194.3
...XOO...;195.3
...XO.O..;196.3
...XO..O.;197.3
...XO...O;198.3
....OXO..;199.3
....OX.O.;200.3
....OX..O;201.3
....OOX..;202.3
....O.XO.;203.3
....O.X.O;204.3
....OO.X.;205.3
....O.OX.;206.3
....O..XO;207.3
....OO..X;208.3
....O.O.X;209.3
....O..OX;210.3
X....OO..;211.3
X....O.O.;212.3
X....O..O;213.3
.X...OO..;214.3
.X...O.O.;215.3
.X...O..O;216.3
..X..OO..;217.3
..X..O.O.;218.3
..X..O..O;219.3
...X.OO..;220.3
...X.O.O.;221.3
...X.O..O;222.3
....XOO..;223.3
....XO.O.;224.3
....XO..O;225.3
.....OXO.;226.3
.....OX.O;227.3
.....OOX.;228.3
.....O.XO;229.3
.....OO.X;230.3
.....O.OX;231.3
X.....OO.;232.3
X.....O.O;233.3
.X....OO.;234.3
.X....O.O;235.3
..X...OO.;236.3
..X...O.O;237.3
...X..OO.;238.3
...X..O.O;239.3
....X.OO.;240.3
....X.O.O;241.3
.....XOO.;242.3
.....XO.O;243.3
......OXO;244.3
......OOX;245.3
X......OO;246.3
.X.....OO;247.3
..X....OO;248.3
...X...OO;249.3
....X..OO;250.3
.....X.OO;251.3
......XOO;252.3
OXOX.....;1.4
OXO.X....;2.4
OXO..X...;3.4
OXO...X..;4.4
OXO....X.;5.4
OXO.....X;6.4
OXXO.....;7.4
OX.OX....;8.4
OX.O.X...;9.4
OX.O..X..;10.4
OX.O...X.;11.4
OX.O....X;12.4
OXX.O....;13.4
OX.XO....;14.4
OX..OX...;15.4
OX..O.X..;16.4
OX..O..X.;17.4
OX..O...X;18.4
OXX..O...;19.4
OX.X.O...;20.4
OX..XO...;21.4
OX...OX..;22.4
OX...O.X.;23.4
OX...O..X;24.4
OXX...O..;25.4
OX.X..O..;26.4
OX..X.O..;27.4
OX...XO..;28.4
OX....OX.;29.4
OX....O.X;30.4
OXX....O.;31.4
OX.X...O.;32.4
OX..X..O.;33.4
OX...X.O.;34.4
OX....XO.;35.4
OX.....OX;36.4
OXX.....O;37.4
OX.X....O;38.4
OX..X...O;39.4
OX...X..O;40.4
OX....X.O;41.4
OX.....XO;42.4
OOXX.....;43.4
OOX.X....;44.4
OOX..X...;45.4
OOX...X..;46.4
OOX....X.;47.4
OOX.....X;48.4
O.XOX....;49.4
O.XO.X...;50.4
O.XO..X..;51.4
O.XO...X.;52.4
O.XO....X;53.4
O.XXO....;54.4
O.X.OX...;55.4
O.X.O.X..;56.4
O.X.O..X.;57.4
O.X.O...X;58.4
O.XX.O...;59.4
O.X.XO...;60.4
O.X..OX..;61.4
O.X..O.X.;62.4
O.X..O..X;63.4
O.XX..O..;64.4
O.X.X.O..;65.4
O.X..XO..;66.4
O.X...OX.;67.4
O.X...O.X;68.4
O.XX...O.;69.4
O.X.X..O.;70.4
O.X..X.O.;71.4
O.X...XO.;72.4
O.X....OX;73.4
O.XX....O;74.4
O.X.X...O;75.4
O.X..X..O;76.4
O.X...X.O;77.4
O.X....XO;78.4
OO.XX....;79.4
OO.X.X...;80.4
OO.X..X..;81.4
OO.X...X.;82.4
OO.X....X;83.4
O.OXX....;84.4
O.OX.X...;85.4
O.OX..X..;86.4
O.OX...X.;87.4
O.OX....X;88.4
O..XOX...;89.4
O..XO.X..;90.4
O..XO..X.;91.4
O..XO...X;92.4
O..XXO...;93.4
O..X.OX..;94.4
O..X.O.X.;95.4
O..X.O..X;96.4
O..XX.O..;97.4
O..X.XO..;98.4
O..X..OX.;99.4
O..X..O.X;100.4
O..XX..O.;101.4
O..X.X.O.;102.4
O..X..XO.;103.4
O..X...OX;104.4
O..XX...O;105.4
O..X.X..O;106.4
O..X..X.O;107.4
O..X...XO;108.4
OO..XX...;109.4
OO..X.X..;110.4
OO..X..X.;111.4
OO..X...X;112.4
O.O.XX...;113.4
O.O.X.X..;114.4
O.O.X..X.;115.4
O.O.X...X;116.4
O..OXX...;117.4
O..OX.X..;118.4
O..OX..X.;119.4
O..OX...X;120.4
O...XOX..;121.4
O...XO.X.;122.4
O...XO..X;123.4
O...XXO..;124.4
O...X.OX.;125.4
O...X.O.X;126.4
O...XX.O.;127.4
O...X.XO.;128.4
O...X..OX;129.4
O...XX..O;130.4
O...X.X.O;131.4
O...X..XO;132.4
OO...XX..;133.4
OO...X.X.;134.4
OO...X..X;135.4
O.O..XX..;136.4
O.O..X.X.;137.4
O.O..X..X;138.4
O..O.XX..;139.4
O..O.X.X.;140.4
O..O.X..X;141.4
O...OXX..;142.4
O...OX.X.;143.4
O...OX..X;144.4
O....XOX.;145.4
O....XO.X;146.4
O....XXO.;147.4
O....X.OX;148.4
O....XX.O;149.4
O....X.XO;150.4
OO....XX.;151.4
OO....X.X;152.4
O.O...XX.;153.4
O.O...X.X;154.4
O..O..XX.;155.4
O..O..X.X;156.4
O...O.XX.;157.4
O...O.X.X;158.4
O....OXX.;159.4
O....OX.X;160.4
O.....XOX;161.4
O.....XXO;162.4
OO.....XX;163.4
O.O....XX;164.4
O..O...XX;165.4
O...O..XX;166.4
O....O.XX;167.4
O.....OXX;168.4
XOOX.....;169.4
XOO.X....;170.4
XOO..X...;171.4
XOO...X..;172.4
XOO....X.;173.4
XOO.....X;174.4
XOXO.....;175.4
XO.OX....;176.4
XO.O.X...;177.4
XO.O..X..;178.4
XO.O...X.;179.4
XO.O....X;180.4
XOX.O....;181.4
XO.XO....;182.4
XO..OX...;183.4
XO..O.X..;184.4
XO..O..X.;185.4
XO..O...X;186.4
XOX..O...;187.4
XO.X.O...;188.4
XO..XO...;189.4
XO...OX..;190.4
XO...O.X.;191.4
XO...O..X;192.4
XOX...O..;193.4
XO.X..O..;194.4
XO..X.O..;195.4
XO...XO..;196.4
XO....OX.;197.4
XO....O.X;198.4
XOX....O.;199.4
XO.X...O.;200.4
XO..X..O.;201.4
XO...X.O.;202.4
XO....XO.;203.4
XO.....OX;204.4
XOX.....O;205.4
XO.X....O;206.4
XO..X...O;207.4
XO...X..O;208.4
XO....X.O;209.4
XO.....XO;210.4
.OXOX....;211.4
.OXO.X...;212.4
.OXO..X..;213.4
.OXO...X.;214.4
.OXO....X;215.4
.OXXO....;216.4
.OX.OX...;217.4
.OX.O.X..;218.4
.OX.O..X.;219.4
.OX.O...X;220.4
.OXX.O...;221.4
.OX.XO...;222.4
.OX..OX..;223.4
.OX..O.X.;224.4
.OX..O..X;225.4
.OXX..O..;226.4
.OX.X.O..;227.4
.OX..XO..;228.4
.OX...OX.;229.4
.OX...O.X;230.4
.OXX...O.;231.4
.OX.X..O.;232.4
.OX..X.O.;233.4
.OX...XO.;234.4
.OX....OX;235.4
.OXX....O;236.4
.OX.X...O;237.4
.OX..X..O;238.4
.OX...X.O;239.4
.OX....XO;240.4
.OOXX....;241.4
.OOX.X...;242.4
.OOX..X..;243.4
.OOX...X.;244.4
.OOX....X;245.4
.O.XOX...;246.4
.O.XO.X..;247.4
.O.XO..X.;248.4
.O.XO...X;249.4
.O.XXO...;250.4
.O.X.OX..;251.4
.O.X.O.X.;252.4
.O.X.O..X;253.4
.O.XX.O..;254.4
.O.X.XO..;255.4
.O.X..OX.;256.4
.O.X..O.X;257.4
.O.XX..O.;258.4
.O.X.X.O.;259.4
.O.X..XO.;260.4
.O.X...OX;261.4
.O.XX...O;262.4
.O.X.X..O;263.4
.O.X..X.O;264.4
.O.X...XO;265.4
.OO.XX...;266.4
.OO.X.X..;267.4
.OO.X..X.;268.4
.OO.X...X;269.4
.O.OXX...;270.4
.O.OX.X..;271.4
.O.OX..X.;272.4
.O.OX...X;273.4
.O..XOX..;274.4
.O..XO.X.;275.4
.O..XO..X;276.4
.O..XXO..;277.4
.O..X.OX.;278.4
.O..X.O.X;279.4
.O..XX.O.;280.4
.O..X.XO.;281.4
.O..X..OX;282.4
.O..XX..O;283.4
.O..X.X.O;284.4
.O..X..XO;285.4
.OO..XX..;286.4
.OO..X.X.;287.4
.OO..X..X;288.4
.O.O.XX..;289.4
.O.O.X.X.;290.4
.O.O.X..X;291.4
.O..OXX..;292.4
.O..OX.X.;293.4
.O..OX..X;294.4
.O...XOX.;295.4
.O...XO.X;296.4
.O...XXO.;297.4
.O...X.OX;298.4
.O...XX.O;299.4
.O...X.XO;300.4
.OO...XX.;301.4
.OO...X.X;302.4
.O.O..XX.;303.4
.O.O..X.X;304.4
.O..O.XX.;305.4
.O..O.X.X;306.4
.O...OXX.;307.4
.O...OX.X;308.4
.O....XOX;309.4
.O....XXO;310.4
.OO....XX;311.4
.O.O...XX;312.4
.O..O..XX;313.4
.O...O.XX;314.4
.O....OXX;315.4
XXOO.....;316.4
X.OOX....;317.4
X.OO.X...;318.4
X.OO..X..;319.4
X.OO...X.;320.4
X.OO....X;321.4
XXO.O....;322.4
X.OXO....;323.4
X.O.OX...;324.4
X.O.O.X..;325.4
X.O.O..X.;326.4
X.O.O...X;327.4
XXO..O...;328.4
X.OX.O...;329.4
X.O.XO...;330.4
X.O..OX..;331.4
X.O..O.X.;332.4
X.O..O..X;333.4
XXO...O..;334.4
X.OX..O..;335.4
X.O.X.O..;336.4
X.O..XO..;337.4
X.O...OX.;338.4
X.O...O.X;339.4
XXO....O.;340.4
X.OX...O.;341.4
X.O.X..O.;342.4
X.O..X.O.;343.4
X.O...XO.;344.4
X.O....OX;345.4
XXO.....O;346.4
X.OX....O;347.4
X.O.X...O;348.4
X.O..X..O;349.4
X.O...X.O;350.4
X.O....XO;351.4
.XOOX....;352.4
.XOO.X...;353.4
.XOO..X..;354.4
.XOO...X.;355.4
.XOO....X;356.4
.XOXO....;357.4
.XO.OX...;358.4
.XO.O.X..;359.4
.XO.O..X.;360.4
.XO.O...X;361.4
.XOX.O...;362.4
.XO.XO...;363.4
.XO..OX..;364.4
.XO..O.X.;365.4
.XO..O..X;366.4
.XOX..O..;367.4
.XO.X.O..;368.4
.XO..XO..;369.4
.XO...OX.;370.4
.XO...O.X;371.4
.XOX...O.;372.4
.XO.X..O.;373.4
.XO..X.O.;374.4
.XO...XO.;375.4
.XO....OX;376.4
.XOX....O;377.4
.XO.X...O;378.4
.XO..X..O;379.4
.XO...X.O;380.4
.XO....XO;381.4
..OXOX...;382.4
..OXO.X..;383.4
..OXO..X.;384.4
..OXO...X;385.4
..OXXO...;386.4
..OX.OX..;387.4
..OX.O.X.;388.4
..OX.O..X;389.4
..OXX.O..;390.4
..OX.XO..;391.4
..OX..OX.;392.4
..OX..O.X;393.4
..OXX..O.;394.4
..OX.X.O.;395.4
..OX..XO.;396.4
..OX...OX;397.4
..OXX...O;398.4
..OX.X..O;399.4
..OX..X.O;400.4
..OX...XO;401.4
..OOXX...;402.4
..OOX.X..;403.4
..OOX..X.;404.4
..OOX...X;405.4
..O.XOX..;406.4
..O.XO.X.;407.4
..O.XO..X;408.4
..O.XXO..;409.4
..O.X.OX.;410.4
..O.X.O.X;411.4
..O.XX.O.;412.4
..O.X.XO.;413.4
..O.X..OX;414.4
..O.XX..O;415.4
..O.X.X.O;416.4
..O.X..XO;417.4
..OO.XX..;418.4
..OO.X.X.;419.4
..OO.X..X;420.4
..O.OXX..;421.4
..O.OX.X.;422.4
..O.OX..X;423.4
..O..XOX.;424.4
..O..XO.X;425.4
..O..XXO.;426.4
..O..X.OX;427.4
..O..XX.O;428.4
..O..X.XO;429.4
..OO..XX.;430.4
..OO..X.X;431.4
..O.O.XX.;432.4
..O.O.X.X;433.4
..O..OXX.;434.4
..O..OX.X;435.4
..O...XOX;436.4
..O...XXO;437.4
..OO...XX;438.4
..O.O..XX;439.4
..O..O.XX;440.4
..O...OXX;441.4
XX.OO....;442.4
X.XOO....;443.4
X..OOX...;444.4
X..OO.X..;445.4
X..OO..X.;446.4
X..OO...X;447.4
XX.O.O...;448.4
X.XO.O...;449.4
X..OXO...;450.4
X..O.OX..;451.4
X..O.O.X.;452.4
X..O.O..X;453.4
XX.O..O..;454.4
X.XO..O..;455.4
X..OX.O..;456.4
X..O.XO..;457.4
X..O..OX.;458.4
X..O..O.X;459.4
XX.O...O.;460.4
X.XO...O.;461.4
X..OX..O.;462.4
X..O.X.O.;463.4
X..O..XO.;464.4
X..O...OX;465.4
XX.O....O;466.4
X.XO....O;467.4
X..OX...O;468.4
X..O.X..O;469.4
X..O..X.O;470.4
X..O...XO;471.4
.XXOO....;472.4
.X.OOX...;473.4
.X.OO.X..;474.4
.X.OO..X.;475.4
.X.OO...X;476.4
.XXO.O...;477.4
.X.OXO...;478.4
.X.O.OX..;479.4
.X.O.O.X.;480.4
.X.O.O..X;481.4
.XXO..O..;482.4
.X.OX.O..;483.4
.X.O.XO..;484.4
.X.O..OX.;485.4
.X.O..O.X;486.4
.XXO...O.;487.4
.X.OX..O.;488.4
.X.O.X.O.;489.4
.X.O..XO.;490.4
.X.O...OX;491.4
.XXO....O;492.4
.X.OX...O;493.4
.X.O.X..O;494.4
.X.O..X.O;495.4
.X.O...XO;496.4
..XOOX...;497.4
..XOO.X..;498.4
..XOO..X.;499.4
..XOO...X;500.4
..XOXO...;501.4
..XO.OX..;502.4
..XO.O.X.;503.4
..XO.O..X;504.4
..XOX.O..;505.4
..XO.XO..;506.4
..XO..OX.;507.4
..XO..O.X;508.4
..XOX..O.;509.4
..XO.X.O.;510.4
..XO..XO.;511.4
..XO...OX;512.4
..XOX...O;513.4
..XO.X..O;514.4
..XO..X.O;515.4
..XO...XO;516.4
...OXOX..;517.4
...OXO.X.;518.4
...OXO..X;519.4
...OXXO..;520.4
...OX.OX.;521.4
...OX.O.X;522.4
...OXX.O.;523.4
...OX.XO.;524.4
...OX..OX;525.4
...OXX..O;526.4
...OX.X.O;527.4
...OX..XO;528.4
...OOXX..;529.4
...OOX.X.;530.4
...OOX..X;531.4
...O.XOX.;532.4
...O.XO.X;533.4
...O.XXO.;534.4
...O.X.OX;535.4
...O.XX.O;536.4
...O.X.XO;537.4
...OO.XX.;538.4
...OO.X.X;539.4
...O.OXX.;540.4
...O.OX.X;541.4
...O..XOX;542.4
...O..XXO;543.4
...OO..XX;544.4
...O.O.XX;545.4
...O..OXX;546.4
XX..OO...;547.4
X.X.OO...;548.4
X..XOO...;549.4
X...OOX..;550.4
X...OO.X.;551.4
X...OO..X;552.4
XX..O.O..;553.4
X.X.O.O..;554.4
X..XO.O..;555.4
X...OXO..;556.4
X...O.OX.;557.4
X...O.O.X;558.4
XX..O..O.;559.4
X.X.O..O.;560.4
X..XO..O.;561.4
X...OX.O.;562.4
X...O.XO.;563.4
X...O..OX;564.4
XX..O...O;565.4
X.X.O...O;566.4
X..XO...O;567.4
X...OX..O;568.4
X...O.X.O;569.4
X...O..XO;570.4
.XX.OO...;571.4
.X.XOO...;572.4
.X..OOX..;573.4
.X..OO.X.;574.4
.X..OO..X;575.4
.XX.O.O..;576.4
.X.XO.O..;577.4
.X..OXO..;578.4
.X..O.OX.;579.4
.X..O.O.X;580.4
.XX.O..O.;581.4
.X.XO..O.;582.4
.X..OX.O.;583.4
.X..O.XO.;584.4
.X..O..OX;585.4
.XX.O...O;586.4
.X.XO...O;587.4
.X..OX..O;588.4
.X..O.X.O;589.4
.X..O..XO;590.4
..XXOO...;591.4
..X.OOX..;592.4
..X.OO.X.;593.4
..X.OO..X;594.4
..XXO.O..;595.4
..X.OXO..;596.4
..X.O.OX.;597.4
..X.O.O.X;598.4
..XXO..O.;599.4
..X.OX.O.;600.4
..X.O.XO.;601.4
..X.O..OX;602.4
..XXO...O;603.4
..X.OX..O;604.4
..X.O.X.O;605.4
..X.O..XO;606.4
...XOOX..;607.4
...XOO.X.;608.4
...XOO..X;609.4
...XOXO..;610.4
...XO.OX.;611.4
...XO.O.X;612.4
...XOX.O.;613.4
...XO.XO.;614.4
...XO..OX;615.4
...XOX..O;616.4
...XO.X.O;617.4
...XO..XO;618.4
....OXOX.;619.4
....OXO.X;620.4
....OXXO.;621.4
....OX.OX;622.4
....OXX.O;623.4
....OX.XO;624.4
....OOXX.;625.4
....OOX.X;626.4
....O.XOX;627.4
....O.XXO;628.4
....OO.XX;629.4
....O.OXX;630.4
XX...OO..;631.4
X.X..OO..;632.4
X..X.OO..;633.4
X...XOO..;634.4
X....OOX.;635.4
X....OO.X;636.4
XX...O.O.;637.4
X.X..O.O.;638.4
X..X.O.O.;639.4
X...XO.O.;640.4
X....OXO.;641.4
X....O.OX;642.4
XX...O..O;643.4
X.X..O..O;644.4
X..X.O..O;645.4
X...XO..O;646.4
X....OX.O;647.4
X....O.XO;648.4
.XX..OO..;649.4
.X.X.OO..;650.4
.X..XOO..;651.4
.X...OOX.;652.4
.X...OO.X;653.4
.XX..O.O.;654.4
.X.X.O.O.;655.4
.X..XO.O.;656.4
.X...OXO.;657.4
.X...O.OX;658.4
.XX..O..O;659.4
.X.X.O..O;660.4
.X..XO..O;661.4
.X...OX.O;662.4
.X...O.XO;663.4
..XX.OO..;664.4
..X.XOO..;665.4
..X..OOX.;666.4
..X..OO.X;667.4
..XX.O.O.;668.4
..X.XO.O.;669.4
..X..OXO.;670.4
..X..O.OX;671.4
..XX.O..O;672.4
..X.XO..O;673.4
..X..OX.O;674.4
..X..O.XO;675.4
...XXOO..;676.4
...X.OOX.;677.4
...X.OO.X;678.4
...XXO.O.;679.4
...X.OXO.;680.4
...X.O.OX;681.4
...XXO..O;682.4
...X.OX.O;683.4
...X.O.XO;684.4
....XOOX.;685.4
....XOO.X;686.4
....XOXO.;687.4
....XO.OX;688.4
....XOX.O;689.4
....XO.XO;690.4
.....OXOX;691.4
.....OXXO;692.4
.....OOXX;693.4
XX....OO.;694.4
X.X...OO.;695.4
X..X..OO.;696.4
X...X.OO.;697.4
X....XOO.;698.4
X.....OOX;699.4
XX....O.O;700.4
X.X...O.O;701.4
X..X..O.O;702.4
X...X.O.O;703.4
X....XO.O;704.4
X.....OXO;705.4
.XX...OO.;706.4
.X.X..OO.;707.4
.X..X.OO.;708.4
.X...XOO.;709.4
.X....OOX;710.4
.XX...O.O;711.4
.X.X..O.O;712.4
.X..X.O.O;713.4
.X...XO.O;714.4
.X....OXO;715.4
..XX..OO.;716.4
..X.X.OO.;717.4
..X..XOO.;718.4
..X...OOX;719.4
..XX..O.O;720.4
..X.X.O.O;721.4
..X..XO.O;722.4
..X...OXO;723.4
...XX.OO.;724.4
...X.XOO.;725.4
...X..OOX;726.4
...XX.O.O;727.4
...X.XO.O;728.4
...X..OXO;729.4
....XXOO.;730.4
....X.OOX;731.4
....XXO.O;732.4
....X.OXO;733.4
.....XOOX;734.4
.....XOXO;735.4
XX.....OO;736.4
X.X....OO;737.4
X..X...OO;738.4
X...X..OO;739.4
X....X.OO;740.4
X.....XOO;741.4
.XX....OO;742.4
.X.X...OO;743.4
.X..X..OO;744.4
.X...X.OO;745.4
.X....XOO;746.4
..XX...OO;747.4
..X.X..OO;748.4
..X..X.OO;749.4
..X...XOO;750.4
...XX..OO;751.4
...X.X.OO;752.4
...X..XOO;753.4
....XX.OO;754.4
....X.XOO;755.4
.....XXOO;756.4
OXOXO....;1.5
OXOX.O...;2.5
OXOX..O..;3.5
OXOX...O.;4.5
OXOX....O;5.5
OXOOX....;6.5
OXO.XO...;7.5
OXO.X.O..;8.5
OXO.X..O.;9.5
OXO.X...O;10.5
OXOO.X...;11.5
OXO.OX...;12.5
OXO..XO..;13.5
OXO..X.O.;14.5
OXO..X..O;15.5
OXOO..X..;16.5
OXO.O.X..;17.5
OXO..OX..;18.5
OXO...XO.;19.5
OXO...X.O;20.5
OXOO...X.;21.5
OXO.O..X.;22.5
OXO..O.X.;23.5
OXO...OX.;24.5
OXO....XO;25.5
OXOO....X;26.5
OXO.O...X;27.5
OXO..O..X;28.5
OXO...O.X;29.5
OXO....OX;30.5
OXXOO....;31.5
OXXO.O...;32.5
OXXO..O..;33.5
OXXO...O.;34.5
OXXO....O;35.5
OX.OXO...;36.5
OX.OX.O..;37.5
OX.OX..O.;38.5
OX.OX...O;39.5
OX.OOX...;40.5
OX.O.XO..;41.5
OX.O.X.O.;42.5
OX.O.X..O;43.5
OX.OO.X..;44.5
OX.O.OX..;45.5
OX.O..XO.;46.5
OX.O..X.O;47.5
OX.OO..X.;48.5
OX.O.O.X.;49.5
OX.O..OX.;50.5
OX.O...XO;51.5
OX.OO...X;52.5
OX.O.O..X;53.5
OX.O..O.X;54.5
OX.O...OX;55.5
OXX.OO...;56.5
OXX.O.O..;57.5
OXX.O..O.;58.5
OXX.O...O;59.5
OX.XOO...;60.5
OX.XO.O..;61.5
OX.XO..O.;62.5
OX.XO...O;63.5
OX..OXO..;64.5
OX..OX.O.;65.5
OX..OX..O;66.5
OX..OOX..;67.5
OX..O.XO.;68.5
OX..O.X.O;69.5
OX..OO.X.;70.5
OX..O.OX.;71.5
OX..O..XO;72.5
OX..OO..X;73.5
OX..O.O.X;74.5
OX..O..OX;75.5
OXX..OO..;76.5
OXX..O.O.;77.5
OXX..O..O;78.5
OX.X.OO..;79.5
OX.X.O.O.;80.5
OX.X.O..O;81.5
OX..XOO..;82.5
OX..XO.O.;83.5
OX..XO..O;84.5
OX...OXO.;85.5
OX...OX.O;86.5
OX...OOX.;87.5
OX...O.XO;88.5
OX...OO.X;89.5
OX...O.OX;90.5
OXX...OO.;91.5
OXX...O.O;92.5
OX.X..OO.;93.5
OX.X..O.O;94.5
OX..X.OO.;95.5
OX..X.O.O;96.5
OX...XOO.;97.5
OX...XO.O;98.5
OX....OXO;99.5
OX....OOX;100.5
OXX....OO;101.5
OX.X...OO;102.5
OX..X..OO;103.5
OX...X.OO;104.5
OX....XOO;105.5
OOXXO....;106.5
OOXX.O...;107.5
OOXX..O..;108.5
OOXX...O.;109.5
OOXX....O;110.5
OOXOX....;111.5
OOX.XO...;112.5
OOX.X.O..;113.5
OOX.X..O.;114.5
OOX.X...O;115.5
OOXO.X...;116.5
OOX.OX...;117.5
OOX..XO..;118.5
OOX..X.O.;119.5
OOX..X..O;120.5
OOXO..X..;121.5
OOX.O.X..;122.5
OOX..OX..;123.5
OOX...XO.;124.5
OOX...X.O;125.5
OOXO...X.;126.5
OOX.O..X.;127.5
OOX..O.X.;128.5
OOX...OX.;129.5
OOX....XO;130.5
OOXO....X;131.5
OOX.O...X;132.5
OOX..O..X;133.5
OOX...O.X;134.5
OOX....OX;135.5
O.XOXO...;136.5
O.XOX.O..;137.5
O.XOX..O.;138.5
O.XOX...O;139.5
O.XOOX...;140.5
O.XO.XO..;141.5
O.XO.X.O.;142.5
O.XO.X..O;143.5
O.XOO.X..;144.5
O.XO.OX..;145.5
O.XO..XO.;146.5
O.XO..X.O;147.5
O.XOO..X.;148.5
O.XO.O.X.;149.5
O.XO..OX.;150.5
O.XO...XO;151.5
O.XOO...X;152.5
O.XO.O..X;153.5
O.XO..O.X;154.5
O.XO...OX;155.5
O.XXOO...;156.5
O.XXO.O..;157.5
O.XXO..O.;158.5
O.XXO...O;159.5
O.X.OXO..;160.5
O.X.OX.O.;161.5
O.X.OX..O;162.5
O.X.OOX..;163.5
O.X.O.XO.;164.5
O.X.O.X.O;165.5
O.X.OO.X.;166.5
O.X.O.OX.;167.5
O.X.O..XO;168.5
O.X.OO..X;169.5
O.X.O.O.X;170.5
O.X.O..OX;171.5
O.XX.OO..;172.5
O.XX.O.O.;173.5
O.XX.O..O;174.5
O.X.XOO..;175.5
O.X.XO.O.;176.5
O.X.XO..O;177.5
O.X..OXO.;178.5
O.X..OX.O;179.5
O.X..OOX.;180.5
O.X..O.XO;181.5
O.X..OO.X;182.5
O.X..O.OX;183.5
O.XX..OO.;184.5
O.XX..O.O;185.5
O.X.X.OO.;186.5
O.X.X.O.O;187.5
O.X..XOO.;188.5
O.X..XO.O;189.5
O.X...OXO;190.5
O.X...OOX;191.5
O.XX...OO;192.5
O.X.X..OO;193.5
O.X..X.OO;194.5
O.X...XOO;195.5
OOOXX....;196.5
OO.XXO...;197.5
OO.XX.O..;198.5
OO.XX..O.;199.5
OO.XX...O;200.5
OOOX.X...;201.5
OO.XOX...;202.5
OO.X.XO..;203.5
OO.X.X.O.;204.5
OO.X.X..O;205.5
OOOX..X..;206.5
OO.XO.X..;207.5
OO.X.OX..;208.5
OO.X..XO.;209.5
OO.X..X.O;210.5
OOOX...X.;211.5
OO.XO..X.;212.5
OO.X.O.X.;213.5
OO.X..OX.;214.5
OO.X...XO;215.5
OOOX....X;216.5
OO.XO...X;217.5
OO.X.O..X;218.5
OO.X..O.X;219.5
OO.X...OX;220.5
O.OXXO...;221.5
O.OXX.O..;222.5
O.OXX..O.;223.5
O.OXX...O;224.5
O.OXOX...;225.5
O.OX.XO..;226.5
O.OX.X.O.;227.5
O.OX.X..O;228.5
O.OXO.X..;229.5
O.OX.OX..;230.5
O.OX..XO.;231.5
O.OX..X.O;232.5
O.OXO..X.;233.5
O.OX.O.X.;234.5
O.OX..OX.;235.5
O.OX...XO;236.5
O.OXO...X;237.5
O.OX.O..X;238.5
O.OX..O.X;239.5
O.OX...OX;240.5
O..XOXO..;241.5
O..XOX.O.;242.5
O..XOX..O;243.5
O..XOOX..;244.5
O..XO.XO.;245.5
O..XO.X.O;246.5
O..XOO.X.;247.5
O..XO.OX.;248.5
O..XO..XO;249.5
O..XOO..X;250.5
O..XO.O.X;251.5
O..XO..OX;252.5
O..XXOO..;253.5
O..XXO.O.;254.5
O..XXO..O;255.5
O..X.OXO.;256.5
O..X.OX.O;257.5
O..X.OOX.;258.5
O..X.O.XO;259.5
O..X.OO.X;260.5
O..X.O.OX;261.5
O..XX.OO.;262.5
O..XX.O.O;263.5
O..X.XOO.;264.5
O..X.XO.O;265.5
O..X..OXO;266.5
O..X..OOX;267.5
O..XX..OO;268.5
O..X.X.OO;269.5
O..X..XOO;270.5
OOO.XX...;271.5
OO.OXX...;272.5
OO..XXO..;273.5
OO..XX.O.;274.5
OO..XX..O;275.5
OOO.X.X..;276.5
OO.OX.X..;277.5
OO..XOX..;278.5
OO..X.XO.;279.5
OO..X.X.O;280.5
OOO.X..X.;281.5
OO.OX..X.;282.5
OO..XO.X.;283.5
OO..X.OX.;284.5
OO..X..XO;285.5
OOO.X...X;286.5
OO.OX...X;287.5
OO..XO..X;288.5
OO..X.O.X;289.5
OO..X..OX;290.5
O.OOXX...;291.5
O.O.XXO..;292.5
O.O.XX.O.;293.5
O.O.XX..O;294.5
O.OOX.X..;295.5
O.O.XOX..;296.5
O.O.X.XO.;297.5
O.O.X.X.O;298.5
O.OOX..X.;299.5
O.O.XO.X.;300.5
O.O.X.OX.;301.5
O.O.X..XO;302.5
O.OOX...X;303.5
O.O.XO..X;304.5
O.O.X.O.X;305.5
O.O.X..OX;306.5
O..OXXO..;307.5
O..OXX.O.;308.5
O..OXX..O;309.5
O..OXOX..;310.5
O..OX.XO.;311.5
O..OX.X.O;312.5
O..OXO.X.;313.5
O..OX.OX.;314.5
O..OX..XO;315.5
O..OXO..X;316.5
O..OX.O.X;317.5
O..OX..OX;318.5
O...XOXO.;319.5
O...XOX.O;320.5
O...XOOX.;321.5
O...XO.XO;322.5
O...XOO.X;323.5
O...XO.OX;324.5
O...XXOO.;325.5
O...XXO.O;326.5
O...X.OXO;327.5
O...X.OOX;328.5
O...XX.OO;329.5
O...X.XOO;330.5
OOO..XX..;331.5
OO.O.XX..;332.5
OO..OXX..;333.5
OO...XXO.;334.5
OO...XX.O;335.5
OOO..X.X.;336.5
OO.O.X.X.;337.5
OO..OX.X.;338.5
OO...XOX.;339.5
OO...X.XO;340.5
OOO..X..X;341.5
OO.O.X..X;342.5
OO..OX..X;343.5
OO...XO.X;344.5
OO...X.OX;345.5
O.OO.XX..;346.5
O.O.OXX..;347.5
O.O..XXO.;348.5
O.O..XX.O;349.5
O.OO.X.X.;350.5
O.O.OX.X.;351.5
O.O..XOX.;352.5
O.O..X.XO;353.5
O.OO.X..X;354.5
O.O.OX..X;355.5
O.O..XO.X;356.5
O.O..X.OX;357.5
O..OOXX..;358.5
O..O.XXO.;359.5
O..O.XX.O;360.5
O..OOX.X.;361.5
O..O.XOX.;362.5
O..O.X.XO;363.5
O..OOX..X;364.5
O..O.XO.X;365.5
O..O.X.OX;366.5
O...OXXO.;367.5
O...OXX.O;368.5
O...OXOX.;369.5
O...OX.XO;370.5
O...OXO.X;371.5
O...OX.OX;372.5
O....XOXO;373.5
O....XOOX;374.5
O....XXOO;375.5
OOO...XX.;376.5
OO.O..XX.;377.5
OO..O.XX.;378.5
OO...OXX.;379.5
OO....XXO;380.5
OOO...X.X;381.5
OO.O..X.X;382.5
OO..O.X.X;383.5
OO...OX.X;384.5
OO....XOX;385.5
O.OO..XX.;386.5
O.O.O.XX.;387.5
O.O..OXX.;388.5
O.O...XXO;389.5
O.OO..X.X;390.5
O.O.O.X.X;391.5
O.O..OX.X;392.5
O.O...XOX;393.5
O..OO.XX.;394.5
O..O.OXX.;395.5
O..O..XXO;396.5
O..OO.X.X;397.5
O..O.OX.X;398.5
O..O..XOX;399.5
O...OOXX.;400.5
O...O.XXO;401.5
O...OOX.X;402.5
O...O.XOX;403.5
O....OXXO;404.5
O....OXOX;405.5
OOO....XX;406.5
OO.O...XX;407.5
OO..O..XX;408.5
OO...O.XX;409.5
OO....OXX;410.5
O.OO...XX;411.5
O.O.O..XX;412.5
O.O..O.XX;413.5
O.O...OXX;414.5
O..OO..XX;415.5
O..O.O.XX;416.5
O..O..OXX;417.5
O...OO.XX;418.5
O...O.OXX;419.5
O....OOXX;420.5
XOOXO....;421.5
XOOX.O...;422.5
XOOX..O..;423.5
XOOX...O.;424.5
XOOX....O;425.5
XOOOX....;426.5
XOO.XO...;427.5
XOO.X.O..;428.5
XOO.X..O.;429.5
XOO.X...O;430.5
XOOO.X...;431.5
XOO.OX...;432.5
XOO..XO..;433.5
XOO..X.O.;434.5
XOO..X..O;435.5
XOOO..X..;436.5
XOO.O.X..;437.5
XOO..OX..;438.5
XOO...XO.;439.5
XOO...X.O;440.5
XOOO...X.;441.5
XOO.O..X.;442.5
XOO..O.X.;443.5
XOO...OX.;444.5
XOO....XO;445.5
XOOO....X;446.5
XOO.O...X;447.5
XOO..O..X;448.5
XOO...O.X;449.5
XOO....OX;450.5
XOXOO....;451.5
XOXO.O...;452.5
XOXO..O..;453.5
XOXO...O.;454.5
XOXO....O;455.5
XO.OXO...;456.5
XO.OX.O..;457.5
XO.OX..O.;458.5
XO.OX...O;459.5
XO.OOX...;460.5
XO.O.XO..;461.5
XO.O.X.O.;462.5
XO.O.X..O;463.5
XO.OO.X..;464.5
XO.O.OX..;465.5
XO.O..XO.;466.5
XO.O..X.O;467.5
XO.OO..X.;468.5
XO.O.O.X.;469.5
XO.O..OX.;470.5
XO.O...XO;471.5
XO.OO...X;472.5
XO.O.O..X;473.5
XO.O..O.X;474.5
XO.O...OX;475.5
XOX.OO...;476.5
XOX.O.O..;477.5
XOX.O..O.;478.5
XOX.O...O;479.5
XO.XOO...;480.5
XO.XO.O..;481.5
XO.XO..O.;482.5
XO.XO...O;483.5
XO..OXO..;484.5
XO..OX.O.;485.5
XO..OX..O;486.5
XO..OOX..;487.5
XO..O.XO.;488.5
XO..O.X.O;489.5
XO..OO.X.;490.5
XO..O.OX.;491.5
XO..O..XO;492.5
XO..OO..X;493.5
XO..O.O.X;494.5
XO..O..OX;495.5
XOX..OO..;496.5
XOX..O.O.;497.5
XOX..O..O;498.5
XO.X.OO..;499.5
XO.X.O.O.;500.5
XO.X.O..O;501.5
XO..XOO..;502.5
XO..XO.O.;503.5
XO..XO..O;504.5
XO...OXO.;505.5
XO...OX.O;506.5
XO...OOX.;507.5
XO...O.XO;508.5
XO...OO.X;509.5
XO...O.OX;510.5
XOX...OO.;511.5
XOX...O.O;512.5
XO.X..OO.;513.5
XO.X..O.O;514.5
XO..X.OO.;515.5
XO..X.O.O;516.5
XO...XOO.;517.5
XO...XO.O;518.5
XO....OXO;519.5
XO....OOX;520.5
XOX....OO;521.5
XO.X...OO;522.5
XO..X..OO;523.5
XO...X.OO;524.5
XO....XOO;525.5
.OXOXO...;526.5
.OXOX.O..;527.5
.OXOX..O.;528.5
.OXOX...O;529.5
.OXOOX...;530.5
.OXO.XO..;531.5
.OXO.X.O.;532.5
.OXO.X..O;533.5
.OXOO.X..;534.5
.OXO.OX..;535.5
.OXO..XO.;536.5
.OXO..X.O;537.5
.OXOO..X.;538.5
.OXO.O.X.;539.5
.OXO..OX.;540.5
.OXO...XO;541.5
.OXOO...X;542.5
.OXO.O..X;543.5
.OXO..O.X;544.5
.OXO...OX;545.5
.OXXOO...;546.5
.OXXO.O..;547.5
.OXXO..O.;548.5
.OXXO...O;549.5
.OX.OXO..;550.5
.OX.OX.O.;551.5
.OX.OX..O;552.5
.OX.OOX..;553.5
.OX.O.XO.;554.5
.OX.O.X.O;555.5
.OX.OO.X.;556.5
.OX.O.OX.;557.5
.OX.O..XO;558.5
.OX.OO..X;559.5
.OX.O.O.X;560.5
.OX.O..OX;561.5
.OXX.OO..;562.5
.OXX.O.O.;563.5
.OXX.O..O;564.5
.OX.XOO..;565.5
.OX.XO.O.;566.5
.OX.XO..O;567.5
.OX..OXO.;568.5
.OX..OX.O;569.5
.OX..OOX.;570.5
.OX..O.XO;571.5
.OX..OO.X;572.5
.OX..O.OX;573.5
.OXX..OO.;574.5
.OXX..O.O;575.5
.OX.X.OO.;576.5
.OX.X.O.O;577.5
.OX..XOO.;578.5
.OX..XO.O;579.5
.OX...OXO;580.5
.OX...OOX;581.5
.OXX...OO;582.5
.OX.X..OO;583.5
.OX..X.OO;584.5
.OX...XOO;585.5
.OOXXO...;586.5
.OOXX.O..;587.5
.OOXX..O.;588.5
.OOXX...O;589.5
.OOXOX...;590.5
.OOX.XO..;591.5
.OOX.X.O.;592.5
.OOX.X..O;593.5
.OOXO.X..;594.5
.OOX.OX..;595.5
.OOX..XO.;596.5
.OOX..X.O;597.5
.OOXO..X.;598.5
.OOX.O.X.;599.5
.OOX..OX.;600.5
.OOX...XO;601.5
.OOXO...X;602.5
.OOX.O..X;603.5
.OOX..O.X;604.5
.OOX...OX;605.5
.O.XOXO..;606.5
.O.XOX.O.;607.5
.O.XOX..O;608.5
.O.XOOX..;609.5
.O.XO.XO.;610.5
.O.XO.X.O;611.5
.O.XOO.X.;612.5
.O.XO.OX.;613.5
.O.XO..XO;614.5
.O.XOO..X;615.5
.O.XO.O.X;616.5
.O.XO..OX;617.5
.O.XXOO..;618.5
.O.XXO.O.;619.5
.O.XXO..O;620.5
.O.X.OXO.;621.5
.O.X.OX.O;622.5
.O.X.OOX.;623.5
.O.X.O.XO;624.5
.O.X.OO.X;625.5
.O.X.O.OX;626.5
.O.XX.OO.;627.5
.O.XX.O.O;628.5
.O.X.XOO.;629.5
.O.X.XO.O;630.5
.O.X..OXO;631.5
.O.X..OOX;632.5
.O.XX..OO;633.5
.O.X.X.OO;634.5
.O.X..XOO;635.5
.OOOXX...;636.5
.OO.XXO..;637.5
.OO.XX.O.;638.5
.OO.XX..O;639.5
.OOOX.X..;640.5
.OO.XOX..;641.5
.OO.X.XO.;642.5
.OO.X.X.O;643.5
.OOOX..X.;644.5
.OO.XO.X.;645.5
.OO.X.OX.;646.5
.OO.X..XO;647.5
.OOOX...X;648.5
.OO.XO..X;649.5
.OO.X.O.X;650.5
.OO.X..OX;651.5
.O.OXXO..;652.5
.O.OXX.O.;653.5
.O.OXX..O;654.5
.O.OXOX..;655.5
.O.OX.XO.;656.5
.O.OX.X.O;657.5
.O.OXO.X.;658.5
.O.OX.OX.;659.5
.O.OX..XO;660.5
.O.OXO..X;661.5
.O.OX.O.X;662.5
.O.OX..OX;663.5
.O..XOXO.;664.5
.O..XOX.O;665.5
.O..XOOX.;666.5
.O..XO.XO;667.5
.O..XOO.X;668.5
.O..XO.OX;669.5
.O..XXOO.;670.5
.O..XXO.O;671.5
.O..X.OXO;672.5
.O..X.OOX;673.5
.O..XX.OO;674.5
.O..X.XOO;675.5
.OOO.XX..;676.5
.OO.OXX..;677.5
.OO..XXO.;678.5
.OO..XX.O;679.5
.OOO.X.X.;680.5
.OO.OX.X.;681.5
.OO..XOX.;682.5
.OO..X.XO;683.5
.OOO.X..X;684.5
.OO.OX..X;685.5
.OO..XO.X;686.5
.OO..X.OX;687.5
.O.OOXX..;688.5
.O.O.XXO.;689.5
.O.O.XX.O;690.5
.O.OOX.X.;691.5
.O.O.XOX.;692.5
.O.O.X.XO;693.5
.O.OOX..X;694.5
.O.O.XO.X;695.5
.O.O.X.OX;696.5
.O..OXXO.;697.5
.O..OXX.O;698.5
.O..OXOX.;699.5
.O..OX.XO;700.5
.O..OXO.X;701.5
.O..OX.OX;702.5
.O...XOXO;703.5
.O...XOOX;704.5
.O...XXOO;705.5
.OOO..XX.;706.5
.OO.O.XX.;707.5
.OO..OXX.;708.5
.OO...XXO;709.5
.OOO..X.X;710.5
.OO.O.X.X;711.5
.OO..OX.X;712.5
.OO...XOX;713.5
.O.OO.XX.;714.5
.O.O.OXX.;715.5
.O.O..XXO;716.5
.O.OO.X.X;717.5
.O.O.OX.X;718.5
.O.O..XOX;719.5
.O..OOXX.;720.5
.O..O.XXO;721.5
.O..OOX.X;722.5
.O..O.XOX;723.5
.O...OXXO;724.5
.O...OXOX;725.5
.OOO...XX;726.5
.OO.O..XX;727.5
.OO..O.XX;728.5
.OO...OXX;729.5
.O.OO..XX;730.5
.O.O.O.XX;731.5
.O.O..OXX;732.5
.O..OO.XX;733.5
.O..O.OXX;734.5
.O...OOXX;735.5
XXOOO....;736.5
XXOO.O...;737.5
XXOO..O..;738.5
XXOO...O.;739.5
XXOO....O;740.5
X.OOXO...;741.5
X.OOX.O..;742.5
X.OOX..O.;743.5
X.OOX...O;744.5
X.OOOX...;745.5
X.OO.XO..;746.5
X.OO.X.O.;747.5
X.OO.X..O;748.5
X.OOO.X..;749.5
X.OO.OX..;750.5
X.OO..XO.;751.5
X.OO..X.O;752.5
X.OOO..X.;753.5
X.OO.O.X.;754.5
X.OO..OX.;755.5
X.OO...XO;756.5
X.OOO...X;757.5
X.OO.O..X;758.5
X.OO..O.X;759.5
X.OO...OX;760.5
XXO.OO...;761.5
XXO.O.O..;762.5
XXO.O..O.;763.5
XXO.O...O;764.5
X.OXOO...;765.5
X.OXO.O..;766.5
X.OXO..O.;767.5
X.OXO...O;768.5
X.O.OXO..;769.5
X.O.OX.O.;770.5
X.O.OX..O;771.5
X.O.OOX..;772.5
X.O.O.XO.;773.5
X.O.O.X.O;774.5
X.O.OO.X.;775.5
X.O.O.OX.;776.5
X.O.O..XO;777.5
X.O.OO..X;778.5
X.O.O.O.X;779.5
X.O.O..OX;780.5
XXO..OO..;781.5
XXO..O.O.;782.5
XXO..O..O;783.5
X.OX.OO..;784.5
X.OX.O.O.;785.5
X.OX.O..O;786.5
X.O.XOO..;787.5
X.O.XO.O.;788.5
X.O.XO..O;789.5
X.O..OXO.;790.5
X.O..OX.O;791.5
X.O..OOX.;792.5
X.O..O.XO;793.5
X.O..OO.X;794.5
X.O..O.OX;795.5
XXO...OO.;796.5
XXO...O.O;797.5
X.OX..OO.;798.5
X.OX..O.O;799.5
X.O.X.OO.;800.5
X.O.X.O.O;801.5
X.O..XOO.;802.5
X.O..XO.O;803.5
X.O...OXO;804.5
X.O...OOX;805.5
XXO....OO;806.5
X.OX...OO;807.5
X.O.X..OO;808.5
X.O..X.OO;809.5
X.O...XOO;810.5
.XOOXO...;811.5
.XOOX.O..;812.5
.XOOX..O.;813.5
.XOOX...O;814.5
.XOOOX...;815.5
.XOO.XO..;816.5
.XOO.X.O.;817.5
.XOO.X..O;818.5
.XOOO.X..;819.5
.XOO.OX..;820.5
.XOO..XO.;821.5
.XOO..X.O;822.5
.XOOO..X.;823.5
.XOO.O.X.;824.5
.XOO..OX.;825.5
.XOO...XO;826.5
.XOOO...X;827.5
.XOO.O..X;828.5
.XOO..O.X;829.5
.XOO...OX;830.5
.XOXOO...;831.5
.XOXO.O..;832.5
.XOXO..O.;833.5
.XOXO...O;834.5
.XO.OXO..;835.5
.XO.OX.O.;836.5
.XO.OX..O;837.5
.XO.OOX..;838.5
.XO.O.XO.;839.5
.XO.O.X.O;840.5
.XO.OO.X.;841.5
.XO.O.OX.;842.5
.XO.O..XO;843.5
.XO.OO..X;844.5
.XO.O.O.X;845.5
.XO.O..OX;846.5
.XOX.OO..;847.5
.XOX.O.O.;848.5
.XOX.O..O;849.5
.XO.XOO..;850.5
.XO.XO.O.;851.5
.XO.XO..O;852.5
.XO..OXO.;853.5
.XO..OX.O;854.5
.XO..OOX.;855.5
.XO..O.XO;856.5
.XO..OO.X;857.5
.XO..O.OX;858.5
.XOX..OO.;859.5
.XOX..O.O;860.5
.XO.X.OO.;861.5
.XO.X.O.O;862.5
.XO..XOO.;863.5
.XO..XO.O;864.5
.XO...OXO;865.5
.XO...OOX;866.5
.XOX...OO;867.5
.XO.X..OO;868.5
.XO..X.OO;869.5
.XO...XOO;870.5
..OXOXO..;871.5
..OXOX.O.;872.5
..OXOX..O;873.5
..OXOOX..;874.5
..OXO.XO.;875.5
..OXO.X.O;876.5
..OXOO.X.;877.5
..OXO.OX.;878.5
..OXO..XO;879.5
..OXOO..X;880.5
..OXO.O.X;881.5
..OXO..OX;882.5
..OXXOO..;883.5
..OXXO.O.;884.5
..OXXO..O;885.5
..OX.OXO.;886.5
..OX.OX.O;887.5
..OX.OOX.;888.5
..OX.O.XO;889.5
..OX.OO.X;890.5
..OX.O.OX;891.5
..OXX.OO.;892.5
..OXX.O.O;893.5
..OX.XOO.;894.5
..OX.XO.O;895.5
..OX..OXO;896.5
..OX..OOX;897.5
..OXX..OO;898.5
..OX.X.OO;899.5
..OX..XOO;900.5
..OOXXO..;901.5
..OOXX.O.;902.5
..OOXX..O;903.5
..OOXOX..;904.5
..OOX.XO.;905.5
..OOX.X.O;906.5
..OOXO.X.;907.5
..OOX.OX.;908.5
..OOX..XO;909.5
..OOXO..X;910.5
..OOX.O.X;911.5
..OOX..OX;912.5
..O.XOXO.;913.5
..O.XOX.O;914.5
..O.XOOX.;915.5
..O.XO.XO;916.5
..O.XOO.X;917.5
..O.XO.OX;918.5
..O.XXOO.;919.5
..O.XXO.O;920.5
..O.X.OXO;921.5
..O.X.OOX;922.5
..O.XX.OO;923.5
..O.X.XOO;924.5
..OOOXX..;925.5
..OO.XXO.;926.5
..OO.XX.O;927.5
..OOOX.X.;928.5
..OO.XOX.;929.5
..OO.X.XO;930.5
..OOOX..X;931.5
..OO.XO.X;932.5
..OO.X.OX;933.5
..O.OXXO.;934.5
..O.OXX.O;935.5
..O.OXOX.;936.5
..O.OX.XO;937.5
..O.OXO.X;938.5
..O.OX.OX;939.5
..O..XOXO;940.5
..O..XOOX;941.5
..O..XXOO;942.5
..OOO.XX.;943.5
..OO.OXX.;944.5
..OO..XXO;945.5
..OOO.X.X;946.5
..OO.OX.X;947.5
..OO..XOX;948.5
..O.OOXX.;949.5
..O.O.XXO;950.5
..O.OOX.X;951.5
..O.O.XOX;952.5
..O..OXXO;953.5
..O..OXOX;954.5
..OOO..XX;955.5
..OO.O.XX;956.5
..OO..OXX;957.5
..O.OO.XX;958.5
..O.O.OXX;959.5
..O..OOXX;960.5
XX.OOO...;961.5
XX.OO.O..;962.5
XX.OO..O.;963.5
XX.OO...O;964.5
X.XOOO...;965.5
X.XOO.O..;966.5
X.XOO..O.;967.5
X.XOO...O;968.5
X..OOXO..;969.5
X..OOX.O.;970.5
X..OOX..O;971.5
X..OOOX..;972.5
X..OO.XO.;973.5
X..OO.X.O;974.5
X..OOO.X.;975.5
X..OO.OX.;976.5
X..OO..XO;977.5
X..OOO..X;978.5
X..OO.O.X;979.5
X..OO..OX;980.5
XX.O.OO..;981.5
XX.O.O.O.;982.5
XX.O.O..O;983.5
X.XO.OO..;984.5
X.XO.O.O.;985.5
X.XO.O..O;986.5
X..OXOO..;987.5
X..OXO.O.;988.5
X..OXO..O;989.5
X..O.OXO.;990.5
X..O.OX.O;991.5
X..O.OOX.;992.5
X..O.O.XO;993.5
X..O.OO.X;994.5
X..O.O.OX;995.5
XX.O..OO.;996.5
XX.O..O.O;997.5
X.XO..OO.;998.5
X.XO..O.O;999.5
X..OX.OO.;1000.5
X..OX.O.O;1001.5
X..O.XOO.;1002.5
X..O.XO.O;1003.5
X..O..OXO;1004.5
X..O..OOX;1005.5
XX.O...OO;1006.5
X.XO...OO;1007.5
X..OX..OO;1008.5
X..O.X.OO;1009.5
X..O..XOO;1010.5
.XXOOO...;1011.5
.XXOO.O..;1012.5
.XXOO..O.;1013.5
.XXOO...O;1014.5
.X.OOXO..;1015.5
.X.OOX.O.;1016.5
.X.OOX..O;1017.5
.X.OOOX..;1018.5
.X.OO.XO.;1019.5
.X.OO.X.O;1020.5
.X.OOO.X.;1021.5
.X.OO.OX.;1022.5
.X.OO..XO;1023.5
.X.OOO..X;1024.5
.X.OO.O.X;1025.5
.X.OO..OX;1026.5
.XXO.OO..;1027.5
.XXO.O.O.;1028.5
.XXO.O..O;1029.5
.X.OXOO..;1030.5
.X.OXO.O.;1031.5
.X.OXO..O;1032.5
.X.O.OXO.;1033.5
.X.O.OX.O;1034.5
.X.O.OOX.;1035.5
.X.O.O.XO;1036.5
.X.O.OO.X;1037.5
.X.O.O.OX;1038.5
.XXO..OO.;1039.5
.XXO..O.O;1040.5
.X.OX.OO.;1041.5
.X.OX.O.O;1042.5
.X.O.XOO.;1043.5
.X.O.XO.O;1044.5
.X.O..OXO;1045.5
.X.O..OOX;1046.5
.XXO...OO;1047.5
.X.OX..OO;1048.5
.X.O.X.OO;1049.5
.X.O..XOO;1050.5
..XOOXO..;1051.5
..XOOX.O.;1052.5
..XOOX..O;1053.5
..XOOOX..;1054.5
..XOO.XO.;1055.5
..XOO.X.O;1056.5
..XOOO.X.;1057.5
..XOO.OX.;1058.5
..XOO..XO;1059.5
..XOOO..X;1060.5
..XOO.O.X;1061.5
..XOO..OX;1062.5
..XOXOO..;1063.5
..XOXO.O.;1064.5
..XOXO..O;1065.5
..XO.OXO.;1066.5
..XO.OX.O;1067.5
..XO.OOX.;1068.5
..XO.O.XO;1069.5
..XO.OO.X;1070.5
..XO.O.OX;1071.5
..XOX.OO.;1072.5
..XOX.O.O;1073.5
..XO.XOO.;1074.5
..XO.XO.O;1075.5
..XO..OXO;1076.5
..XO..OOX;1077.5
..XOX..OO;1078.5
..XO.X.OO;1079.5
..XO..XOO;1080.5
...OXOXO.;1081.5
...OXOX.O;1082.5
...OXOOX.;1083.5
...OXO.XO;1084.5
...OXOO.X;1085.5
...OXO.OX;1086.5
...OXXOO.;1087.5
...OXXO.O;1088.5
...OX.OXO;1089.5
...OX.OOX;1090.5
...OXX.OO;1091.5
...OX.XOO;1092.5
...OOXXO.;1093.5
...OOXX.O;1094.5
...OOXOX.;1095.5
...OOX.XO;1096.5
...OOXO.X;1097.5
...OOX.OX;1098.5
...O.XOXO;1099.5
...O.XOOX;1100.5
...O.XXOO;1101.5
...OOOXX.;1102.5
...OO.XXO;1103.5
...OOOX.X;1104.5
...OO.XOX;1105.5
...O.OXXO;1106.5
...O.OXOX;1107.5
...OOO.XX;1108.5
...OO.OXX;1109.5
...O.OOXX;1110.5
XX..OOO..;1111.5
XX..OO.O.;1112.5
XX..OO..O;1113.5
X.X.OOO..;1114.5
X.X.OO.O.;1115.5
X.X.OO..O;1116.5
X..XOOO..;1117.5
X..XOO.O.;1118.5
X..XOO..O;1119.5
X...OOXO.;1120.5
X...OOX.O;1121.5
X...OOOX.;1122.5
X...OO.XO;1123.5
X...OOO.X;1124.5
X...OO.OX;1125.5
XX..O.OO.;1126.5
XX..O.O.O;1127.5
X.X.O.OO.;1128.5
X.X.O.O.O;1129.5
X..XO.OO.;1130.5
X..XO.O.O;1131.5
X...OXOO.;1132.5
X...OXO.O;1133.5
X...O.OXO;1134.5
X...O.OOX;1135.5
XX..O..OO;1136.5
X.X.O..OO;1137.5
X..XO..OO;1138.5
X...OX.OO;1139.5
X...O.XOO;1140.5
.XX.OOO..;1141.5
.XX.OO.O.;1142.5
.XX.OO..O;1143.5
.X.XOOO..;1144.5
.X.XOO.O.;1145.5
.X.XOO..O;1146.5
.X..OOXO.;1147.5
.X..OOX.O;1148.5
.X..OOOX.;1149.5
.X..OO.XO;1150.5
.X..OOO.X;1151.5
.X..OO.OX;1152.5
.XX.O.OO.;1153.5
.XX.O.O.O;1154.5
.X.XO.OO.;1155.5
.X.XO.O.O;1156.5
.X..OXOO.;1157.5
.X..OXO.O;1158.5
.X..O.OXO;1159.5
.X..O.OOX;1160.5
.XX.O..OO;1161.5
.X.XO..OO;1162.5
.X..OX.OO;1163.5
.X..O.XOO;1164.5
..XXOOO..;1165.5
..XXOO.O.;1166.5
..XXOO..O;1167.5
..X.OOXO.;1168.5
..X.OOX.O;1169.5
..X.OOOX.;1170.5
..X.OO.XO;1171.5
..X.OOO.X;1172.5
..X.OO.OX;1173.5
..XXO.OO.;1174.5
..XXO.O.O;1175.5
..X.OXOO.;1176.5
..X.OXO.O;1177.5
..X.O.OXO;1178.5
..X.O.OOX;1179.5
..XXO..OO;1180.5
..X.OX.OO;1181.5
..X.O.XOO;1182.5
...XOOXO.;1183.5
...XOOX.O;1184.5
...XOOOX.;1185.5
...XOO.XO;1186.5
...XOOO.X;1187.5
...XOO.OX;1188.5
...XOXOO.;1189.5
...XOXO.O;1190.5
...XO.OXO;1191.5
...XO.OOX;1192.5
...XOX.OO;1193.5
...XO.XOO;1194.5
....OXOXO;1195.5
....OXOOX;1196.5
....OXXOO;1197.5
....OOXXO;1198.5
....OOXOX;1199.5
....OOOXX;1200.5
XX...OOO.;1201.5
XX...OO.O;1202.5
X.X..OOO.;1203.5
X.X..OO.O;1204.5
X..X.OOO.;1205.5
X..X.OO.O;1206.5
X...XOOO.;1207.5
X...XOO.O;1208.5
X....OOXO;1209.5
X....OOOX;1210.5
XX...O.OO;1211.5
X.X..O.OO;1212.5
X..X.O.OO;1213.5
X...XO.OO;1214.5
X....OXOO;1215.5
.XX..OOO.;1216.5
.XX..OO.O;1217.5
.X.X.OOO.;1218.5
.X.X.OO.O;1219.5
.X..XOOO.;1220.5
.X..XOO.O;1221.5
.X...OOXO;1222.5
.X...OOOX;1223.5
.XX..O.OO;1224.5
.X.X.O.OO;1225.5
.X..XO.OO;1226.5
.X...OXOO;1227.5
..XX.OOO.;1228.5
..XX.OO.O;1229.5
..X.XOOO.;1230.5
..X.XOO.O;1231.5
..X..OOXO;1232.5
..X..OOOX;1233.5
..XX.O.OO;1234.5
..X.XO.OO;1235.5
..X..OXOO;1236.5
...XXOOO.;1237.5
...XXOO.O;1238.5
...X.OOXO;1239.5
...X.OOOX;1240.5
...XXO.OO;1241.5
...X.OXOO;1242.5
....XOOXO;1243.5
....XOOOX;1244.5
....XOXOO;1245.5
XX....OOO;1246.5
X.X...OOO;1247.5
X..X..OOO;1248.5
X...X.OOO;1249.5
X....XOOO;1250.5
.XX...OOO;1251.5
.X.X..OOO;1252.5
.X..X.OOO;1253.5
.X...XOOO;1254.5
..XX..OOO;1255.5
..X.X.OOO;1256.5
..X..XOOO;1257.5
...XX.OOO;1258.5
...X.XOOO;1259.5
....XXOOO;1260.5
OXOXOX...;1.6
OXOXO.X..;2.6
OXOXO..X.;3.6
OXOXO...X;4.6
OXOXXO...;5.6
OXOX.OX..;6.6
OXOX.O.X.;7.6
OXOX.O..X;8.6
OXOXX.O..;9.6
OXOX.XO..;10.6
OXOX..OX.;11.6
OXOX..O.X;12.6
OXOXX..O.;13.6
OXOX.X.O.;14.6
OXOX..XO.;15.6
OXOX...OX;16.6
OXOXX...O;17.6
OXOX.X..O;18.6
OXOX..X.O;19.6
OXOX...XO;20.6
OXOOXX...;21.6
OXOOX.X..;22.6
OXOOX..X.;23.6
OXOOX...X;24.6
OXO.XOX..;25.6
OXO.XO.X.;26.6
OXO.XO..X;27.6
OXO.XXO..;28.6
OXO.X.OX.;29.6
OXO.X.O.X;30.6
OXO.XX.O.;31.6
OXO.X.XO.;32.6
OXO.X..OX;33.6
OXO.XX..O;34.6
OXO.X.X.O;35.6
OXO.X..XO;36.6
OXOO.XX..;37.6
OXOO.X.X.;38.6
OXOO.X..X;39.6
OXO.OXX..;40.6
OXO.OX.X.;41.6
OXO.OX..X;42.6
OXO..XOX.;43.6
OXO..XO.X;44.6
OXO..XXO.;45.6
OXO..X.OX;46.6
OXO..XX.O;47.6
OXO..X.XO;48.6
OXOO..XX.;49.6
OXOO..X.X;50.6
OXO.O.XX.;51.6
OXO.O.X.X;52.6
OXO..OXX.;53.6
OXO..OX.X;54.6
OXO...XOX;55.6
OXO...XXO;56.6
OXOO...XX;57.6
OXO.O..XX;58.6
OXO..O.XX;59.6
OXO...OXX;60.6
OXXOOX...;61.6
OXXOO.X..;62.6
OXXOO..X.;63.6
OXXOO...X;64.6
OXXOXO...;65.6
OXXO.OX..;66.6
OXXO.O.X.;67.6
OXXO.O..X;68.6
OXXOX..O.;69.6
OXXO.X.O.;70.6
OXXO..XO.;71.6
OXXO...OX;72.6
OXXOX...O;73.6
OXXO.X..O;74.6
OXXO..X.O;75.6
OXXO...XO;76.6
OX.OXOX..;77.6
OX.OXO.X.;78.6
OX.OXO..X;79.6
OX.OXX.O.;80.6
OX.OX.XO.;81.6
OX.OX..OX;82.6
OX.OXX..O;83.6
OX.OX.X.O;84.6
OX.OX..XO;85.6
OX.OOXX..;86.6
OX.OOX.X.;87.6
OX.OOX..X;88.6
OX.O.XXO.;89.6
OX.O.X.OX;90.6
OX.O.XX.O;91.6
OX.O.X.XO;92.6
OX.OO.XX.;93.6
OX.OO.X.X;94.6
OX.O.OXX.;95.6
OX.O.OX.X;96.6
OX.O..XOX;97.6
OX.O..XXO;98.6
OX.OO..XX;99.6
OX.O.O.XX;100.6
OXXXOO...;101.6
OXX.OOX..;102.6
OXX.OO.X.;103.6
OXX.OO..X;104.6
OXXXO.O..;105.6
OXX.OXO..;106.6
OXX.O.OX.;107.6
OXX.O.O.X;108.6
OXXXO..O.;109.6
OXX.OX.O.;110.6
OXX.O.XO.;111.6
OXX.O..OX;112.6
OX.XOOX..;113.6
OX.XOO.X.;114.6
OX.XOO..X;115.6
OX.XOXO..;116.6
OX.XO.OX.;117.6
OX.XO.O.X;118.6
OX.XOX.O.;119.6
OX.XO.XO.;120.6
OX.XO..OX;121.6
OX..OXOX.;122.6
OX..OXO.X;123.6
OX..OXXO.;124.6
OX..OX.OX;125.6
OX..OOXX.;126.6
OX..OOX.X;127.6
OX..O.XOX;128.6
OX..OO.XX;129.6
OX..O.OXX;130.6
OXXX.OO..;131.6
OXX.XOO..;132.6
OXX..OOX.;133.6
OXX..OO.X;134.6
OXXX.O.O.;135.6
OXX.XO.O.;136.6
OXX..OXO.;137.6
OXX..O.OX;138.6
OXXX.O..O;139.6
OXX.XO..O;140.6
OXX..OX.O;141.6
OXX..O.XO;142.6
OX.XXOO..;143.6
OX.X.OOX.;144.6
OX.X.OO.X;145.6
OX.XXO.O.;146.6
OX.X.OXO.;147.6
OX.X.O.OX;148.6
OX.XXO..O;149.6
OX.X.OX.O;150.6
OX.X.O.XO;151.6
OX..XOOX.;152.6
OX..XOO.X;153.6
OX..XOXO.;154.6
OX..XO.OX;155.6
OX..XOX.O;156.6
OX..XO.XO;157.6
OX...OXOX;158.6
OX...OXXO;159.6
OX...OOXX;160.6
OXXX..OO.;161.6
OXX.X.OO.;162.6
OXX..XOO.;163.6
OXX...OOX;164.6
OXXX..O.O;165.6
OXX.X.O.O;166.6
OXX..XO.O;167.6
OXX...OXO;168.6
OX.XX.OO.;169.6
OX.X.XOO.;170.6
OX.X..OOX;171.6
OX.XX.O.O;172.6
OX.X.XO.O;173.6
OX.X..OXO;174.6
OX..XXOO.;175.6
OX..X.OOX;176.6
OX..XXO.O;177.6
OX..X.OXO;178.6
OX...XOOX;179.6
OX...XOXO;180.6
OXXX...OO;181.6
OXX.X..OO;182.6
OXX..X.OO;183.6
OXX...XOO;184.6
OX.XX..OO;185.6
OX.X.X.OO;186.6
OX.X..XOO;187.6
OX..XX.OO;188.6
OX..X.XOO;189.6
OX...XXOO;190.6
OOXXOX...;191.6
OOXXO.X..;192.6
OOXXO..X.;193.6
OOXXO...X;194.6
OOXXXO...;195.6
OOXX.OX..;196.6
OOXX.O.X.;197.6
OOXX.O..X;198.6
OOXXX.O..;199.6
OOXX.XO..;200.6
OOXX..OX.;201.6
OOXX..O.X;202.6
OOXXX..O.;203.6
OOXX.X.O.;204.6
OOXX..XO.;205.6
OOXX...OX;206.6
OOXXX...O;207.6
OOXX.X..O;208.6
OOXX..X.O;209.6
OOXX...XO;210.6
OOXOXX...;211.6
OOXOX.X..;212.6
OOXOX..X.;213.6
OOXOX...X;214.6
OOX.XOX..;215.6
OOX.XO.X.;216.6
OOX.XO..X;217.6
OOX.XXO..;218.6
OOX.X.OX.;219.6
OOX.X.O.X;220.6
OOX.XX.O.;221.6
OOX.X.XO.;222.6
OOX.X..OX;223.6
OOX.XX..O;224.6
OOX.X.X.O;225.6
OOX.X..XO;226.6
OOXO.XX..;227.6
OOXO.X.X.;228.6
OOXO.X..X;229.6
OOX.OXX..;230.6
OOX.OX.X.;231.6
OOX.OX..X;232.6
OOX..XOX.;233.6
OOX..XO.X;234.6
OOX..XXO.;235.6
OOX..X.OX;236.6
OOX..XX.O;237.6
OOX..X.XO;238.6
OOXO..XX.;239.6
OOXO..X.X;240.6
OOX.O.XX.;241.6
OOX.O.X.X;242.6
OOX..OXX.;243.6
OOX..OX.X;244.6
OOX...XOX;245.6
OOX...XXO;246.6
OOXO...XX;247.6
OOX.O..XX;248.6
OOX..O.XX;249.6
OOX...OXX;250.6
O.XOXOX..;251.6
O.XOXO.X.;252.6
O.XOXO..X;253.6
O.XOXX.O.;254.6
O.XOX.XO.;255.6
O.XOX..OX;256.6
O.XOXX..O;257.6
O.XOX.X.O;258.6
O.XOX..XO;259.6
O.XOOXX..;260.6
O.XOOX.X.;261.6
O.XOOX..X;262.6
O.XO.XXO.;263.6
O.XO.X.OX;264.6
O.XO.XX.O;265.6
O.XO.X.XO;266.6
O.XOO.XX.;267.6
O.XOO.X.X;268.6
O.XO.OXX.;269.6
O.XO.OX.X;270.6
O.XO..XOX;271.6
O.XO..XXO;272.6
O.XOO..XX;273.6
O.XO.O.XX;274.6
O.XXOOX..;275.6
O.XXOO.X.;276.6
O.XXOO..X;277.6
O.XXOXO..;278.6
O.XXO.OX.;279.6
O.XXO.O.X;280.6
O.XXOX.O.;281.6
O.XXO.XO.;282.6
O.XXO..OX;283.6
O.X.OXOX.;284.6
O.X.OXO.X;285.6
O.X.OXXO.;286.6
O.X.OX.OX;287.6
O.X.OOXX.;288.6
O.X.OOX.X;289.6
O.X.O.XOX;290.6
O.X.OO.XX;291.6
O.X.O.OXX;292.6
O.XXXOO..;293.6
O.XX.OOX.;294.6
O.XX.OO.X;295.6
O.XXXO.O.;296.6
O.XX.OXO.;297.6
O.XX.O.OX;298.6
O.XXXO..O;299.6
O.XX.OX.O;300.6
O.XX.O.XO;301.6
O.X.XOOX.;302.6
O.X.XOO.X;303.6
O.X.XOXO.;304.6
O.X.XO.OX;305.6
O.X.XOX.O;306.6
O.X.XO.XO;307.6
O.X..OXOX;308.6
O.X..OXXO;309.6
O.X..OOXX;310.6
O.XXX.OO.;311.6
O.XX.XOO.;312.6
O.XX..OOX;313.6
O.XXX.O.O;314.6
O.XX.XO.O;315.6
O.XX..OXO;316.6
O.X.XXOO.;317.6
O.X.X.OOX;318.6
O.X.XXO.O;319.6
O.X.X.OXO;320.6
O.X..XOOX;321.6
O.X..XOXO;322.6
O.XXX..OO;323.6
O.XX.X.OO;324.6
O.XX..XOO;325.6
O.X.XX.OO;326.6
O.X.X.XOO;327.6
O.X..XXOO;328.6
OO.XXOX..;329.6
OO.XXO.X.;330.6
OO.XXO..X;331.6
OO.XXXO..;332.6
OO.XX.OX.;333.6
OO.XX.O.X;334.6
OO.XXX.O.;335.6
OO.XX.XO.;336.6
OO.XX..OX;337.6
OO.XXX..O;338.6
OO.XX.X.O;339.6
OO.XX..XO;340.6
OO.XOXX..;341.6
OO.XOX.X.;342.6
OO.XOX..X;343.6
OO.X.XOX.;344.6
OO.X.XO.X;345.6
OO.X.XXO.;346.6
OO.X.X.OX;347.6
OO.X.XX.O;348.6
OO.X.X.XO;349.6
OO.XO.XX.;350.6
OO.XO.X.X;351.6
OO.X.OXX.;352.6
OO.X.OX.X;353.6
OO.X..XOX;354.6
OO.X..XXO;355.6
OO.XO..XX;356.6
OO.X.O.XX;357.6
OO.X..OXX;358.6
O.OXXOX..;359.6
O.OXXO.X.;360.6
O.OXXO..X;361.6
O.OXXXO..;362.6
O.OXX.OX.;363.6
O.OXX.O.X;364.6
O.OXXX.O.;365.6
O.OXX.XO.;366.6
O.OXX..OX;367.6
O.OXXX..O;368.6
O.OXX.X.O;369.6
O.OXX..XO;370.6
O.OXOXX..;371.6
O.OXOX.X.;372.6
O.OXOX..X;373.6
O.OX.XOX.;374.6
O.OX.XO.X;375.6
O.OX.XXO.;376.6
O.OX.X.OX;377.6
O.OX.XX.O;378.6
O.OX.X.XO;379.6
O.OXO.XX.;380.6
O.OXO.X.X;381.6
O.OX.OXX.;382.6
O.OX.OX.X;383.6
O.OX..XOX;384.6
O.OX..XXO;385.6
O.OXO..XX;386.6
O.OX.O.XX;387.6
O.OX..OXX;388.6
O..XOXOX.;389.6
O..XOXO.X;390.6
O..XOXXO.;391.6
O..XOX.OX;392.6
O..XOOXX.;393.6
O..XOOX.X;394.6
O..XO.XOX;395.6
O..XOO.XX;396.6
O..XO.OXX;397.6
O..XXOOX.;398.6
O..XXOO.X;399.6
O..XXOXO.;400.6
O..XXO.OX;401.6
O..XXOX.O;402.6
O..XXO.XO;403.6
O..X.OXOX;404.6
O..X.OXXO;405.6
O..X.OOXX;406.6
O..XXXOO.;407.6
O..XX.OOX;408.6
O..XXXO.O;409.6
O..XX.OXO;410.6
O..X.XOOX;411.6
O..X.XOXO;412.6
O..XXX.OO;413.6
O..XX.XOO;414.6
O..X.XXOO;415.6
OO.OXXX..;416.6
OO.OXX.X.;417.6
OO.OXX..X;418.6
OO..XXOX.;419.6
OO..XXO.X;420.6
OO..XXXO.;421.6
OO..XX.OX;422.6
OO..XXX.O;423.6
OO..XX.XO;424.6
OO.OX.XX.;425.6
OO.OX.X.X;426.6
OO..XOXX.;427.6
OO..XOX.X;428.6
OO..X.XOX;429.6
OO..X.XXO;430.6
OO.OX..XX;431.6
OO..XO.XX;432.6
OO..X.OXX;433.6
O.OOXXX..;434.6
O.OOXX.X.;435.6
O.OOXX..X;436.6
O.O.XXOX.;437.6
O.O.XXO.X;438.6
O.O.XXXO.;439.6
O.O.XX.OX;440.6
O.O.XXX.O;441.6
O.O.XX.XO;442.6
O.OOX.XX.;443.6
O.OOX.X.X;444.6
O.O.XOXX.;445.6
O.O.XOX.X;446.6
O.O.X.XOX;447.6
O.O.X.XXO;448.6
O.OOX..XX;449.6
O.O.XO.XX;450.6
O.O.X.OXX;451.6
O..OXXXO.;452.6
O..OXX.OX;453.6
O..OXXX.O;454.6
O..OXX.XO;455.6
O..OXOXX.;456.6
O..OXOX.X;457.6
O..OX.XOX;458.6
O..OX.XXO;459.6
O..OXO.XX;460.6
O...XOXOX;461.6
O...XOXXO;462.6
O...XOOXX;463.6
O...XXOOX;464.6
O...XXOXO;465.6
O...XXXOO;466.6
OO.O.XXX.;467.6
OO.O.XX.X;468.6
OO..OXXX.;469.6
OO..OXX.X;470.6
OO...XXOX;471.6
OO...XXXO;472.6
OO.O.X.XX;473.6
OO..OX.XX;474.6
OO...XOXX;475.6
O.OO.XXX.;476.6
O.OO.XX.X;477.6
O.O.OXXX.;478.6
O.O.OXX.X;479.6
O.O..XXOX;480.6
O.O..XXXO;481.6
O.OO.X.XX;482.6
O.O.OX.XX;483.6
O.O..XOXX;484.6
O..OOXXX.;485.6
O..OOXX.X;486.6
O..O.XXOX;487.6
O..O.XXXO;488.6
O..OOX.XX;489.6
O...OXXOX;490.6
O...OXOXX;491.6
OO.O..XXX;492.6
OO..O.XXX;493.6
OO...OXXX;494.6
O.OO..XXX;495.6
O.O.O.XXX;496.6
O.O..OXXX;497.6
O..OO.XXX;498.6
O..O.OXXX;499.6
O...OOXXX;500.6
XOOXOX...;501.6
XOOXO.X..;502.6
XOOXO..X.;503.6
XOOXO...X;504.6
XOOXXO...;505.6
XOOX.OX..;506.6
XOOX.O.X.;507.6
XOOX.O..X;508.6
XOOXX.O..;509.6
XOOX.XO..;510.6
XOOX..OX.;511.6
XOOX..O.X;512.6
XOOXX..O.;513.6
XOOX.X.O.;514.6
XOOX..XO.;515.6
XOOX...OX;516.6
XOOXX...O;517.6
XOOX.X..O;518.6
XOOX..X.O;519.6
XOOX...XO;520.6
XOOOXX...;521.6
XOOOX.X..;522.6
XOOOX..X.;523.6
XOOOX...X;524.6
XOO.XOX..;525.6
XOO.XO.X.;526.6
XOO.XO..X;527.6
XOO.XXO..;528.6
XOO.X.OX.;529.6
XOO.X.O.X;530.6
XOO.XX.O.;531.6
XOO.X.XO.;532.6
XOO.X..OX;533.6
XOO.XX..O;534.6
XOO.X.X.O;535.6
XOO.X..XO;536.6
XOOO.XX..;537.6
XOOO.X.X.;538.6
XOOO.X..X;539.6
XOO.OXX..;540.6
XOO.OX.X.;541.6
XOO.OX..X;542.6
XOO..XOX.;543.6
XOO..XO.X;544.6
XOO..XXO.;545.6
XOO..X.OX;546.6
XOO..XX.O;547.6
XOO..X.XO;548.6
XOOO..XX.;549.6
XOOO..X.X;550.6
XOO.O.XX.;551.6
XOO.O.X.X;552.6
XOO..OXX.;553.6
XOO..OX.X;554.6
XOO...XOX;555.6
XOO...XXO;556.6
XOOO...XX;557.6
XOO.O..XX;558.6
XOO..O.XX;559.6
XOO...OXX;560.6
XOXOOX...;561.6
XOXOO.X..;562.6
XOXOO..X.;563.6
XOXOO...X;564.6
XOXOXO...;565.6
XOXO.OX..;566.6
XOXO.O.X.;567.6
XOXO.O..X;568.6
XOXOX.O..;569.6
XOXO.XO..;570.6
XOXO..OX.;571.6
XOXO..O.X;572.6
XOXOX..O.;573.6
XOXO.X.O.;574.6
XOXO..XO.;575.6
XOXO...OX;576.6
XOXOX...O;577.6
XOXO.X..O;578.6
XOXO..X.O;579.6
XOXO...XO;580.6
XO.OXOX..;581.6
XO.OXO.X.;582.6
XO.OXO..X;583.6
XO.OXXO..;584.6
XO.OX.OX.;585.6
XO.OX.O.X;586.6
XO.OXX.O.;587.6
XO.OX.XO.;588.6
XO.OX..OX;589.6
XO.OXX..O;590.6
XO.OX.X.O;591.6
XO.OX..XO;592.6
XO.OOXX..;593.6
XO.OOX.X.;594.6
XO.OOX..X;595.6
XO.O.XOX.;596.6
XO.O.XO.X;597.6
XO.O.XXO.;598.6
XO.O.X.OX;599.6
XO.O.XX.O;600.6
XO.O.X.XO;601.6
XO.OO.XX.;602.6
XO.OO.X.X;603.6
XO.O.OXX.;604.6
XO.O.OX.X;605.6
XO.O..XOX;606.6
XO.O..XXO;607.6
XO.OO..XX;608.6
XO.O.O.XX;609.6
XO.O..OXX;610.6
XOXXOO...;611.6
XOX.OOX..;612.6
XOX.OO.X.;613.6
XOX.OO..X;614.6
XOXXO.O..;615.6
XOX.OXO..;616.6
XOX.O.OX.;617.6
XOX.O.O.X;618.6
XOXXO...O;619.6
XOX.OX..O;620.6
XOX.O.X.O;621.6
XOX.O..XO;622.6
XO.XOOX..;623.6
XO.XOO.X.;624.6
XO.XOO..X;625.6
XO.XOXO..;626.6
XO.XO.OX.;627.6
XO.XO.O.X;628.6
XO.XOX..O;629.6
XO.XO.X.O;630.6
XO.XO..XO;631.6
XO..OXOX.;632.6
XO..OXO.X;633.6
XO..OXX.O;634.6
XO..OX.XO;635.6
XO..OOXX.;636.6
XO..OOX.X;637.6
XO..O.XXO;638.6
XO..OO.XX;639.6
XO..O.OXX;640.6
XOXX.OO..;641.6
XOX.XOO..;642.6
XOX..OOX.;643.6
XOX..OO.X;644.6
XOXX.O.O.;645.6
XOX.XO.O.;646.6
XOX..OXO.;647.6
XOX..O.OX;648.6
XOXX.O..O;649.6
XOX.XO..O;650.6
XOX..OX.O;651.6
XOX..O.XO;652.6
XO.XXOO..;653.6
XO.X.OOX.;654.6
XO.X.OO.X;655.6
XO.XXO.O.;656.6
XO.X.OXO.;657.6
XO.X.O.OX;658.6
XO.XXO..O;659.6
XO.X.OX.O;660.6
XO.X.O.XO;661.6
XO..XOOX.;662.6
XO..XOO.X;663.6
XO..XOXO.;664.6
XO..XO.OX;665.6
XO..XOX.O;666.6
XO..XO.XO;667.6
XO...OXOX;668.6
XO...OXXO;669.6
XO...OOXX;670.6
XOXX..OO.;671.6
XOX.X.OO.;672.6
XOX..XOO.;673.6
XOX...OOX;674.6
XOXX..O.O;675.6
XOX.X.O.O;676.6
XOX..XO.O;677.6
XOX...OXO;678.6
XO.XX.OO.;679.6
XO.X.XOO.;680.6
XO.X..OOX;681.6
XO.XX.O.O;682.6
XO.X.XO.O;683.6
XO.X..OXO;684.6
XO..XXOO.;685.6
XO..X.OOX;686.6
XO..XXO.O;687.6
XO..X.OXO;688.6
XO...XOOX;689.6
XO...XOXO;690.6
XOXX...OO;691.6
XOX.X..OO;692.6
XOX..X.OO;693.6
XOX...XOO;694.6
XO.XX..OO;695.6
XO.X.X.OO;696.6
XO.X..XOO;697.6
XO..XX.OO;698.6
XO..X.XOO;699.6
XO...XXOO;700.6
.OXOXOX..;701.6
.OXOXO.X.;702.6
.OXOXO..X;703.6
.OXOXXO..;704.6
.OXOX.OX.;705.6
.OXOX.O.X;706.6
.OXOXX.O.;707.6
.OXOX.XO.;708.6
.OXOX..OX;709.6
.OXOXX..O;710.6
.OXOX.X.O;711.6
.OXOX..XO;712.6
.OXOOXX..;713.6
.OXOOX.X.;714.6
.OXOOX..X;715.6
.OXO.XOX.;716.6
.OXO.XO.X;717.6
.OXO.XXO.;718.6
.OXO.X.OX;719.6
.OXO.XX.O;720.6
.OXO.X.XO;721.6
.OXOO.XX.;722.6
.OXOO.X.X;723.6
.OXO.OXX.;724.6
.OXO.OX.X;725.6
.OXO..XOX;726.6
.OXO..XXO;727.6
.OXOO..XX;728.6
.OXO.O.XX;729.6
.OXO..OXX;730.6
.OXXOOX..;731.6
.OXXOO.X.;732.6
.OXXOO..X;733.6
.OXXOXO..;734.6
.OXXO.OX.;735.6
.OXXO.O.X;736.6
.OXXOX..O;737.6
.OXXO.X.O;738.6
.OXXO..XO;739.6
.OX.OXOX.;740.6
.OX.OXO.X;741.6
.OX.OXX.O;742.6
.OX.OX.XO;743.6
.OX.OOXX.;744.6
.OX.OOX.X;745.6
.OX.O.XXO;746.6
.OX.OO.XX;747.6
.OX.O.OXX;748.6
.OXXXOO..;749.6
.OXX.OOX.;750.6
.OXX.OO.X;751.6
.OXXXO.O.;752.6
.OXX.OXO.;753.6
.OXX.O.OX;754.6
.OXXXO..O;755.6
.OXX.OX.O;756.6
.OXX.O.XO;757.6
.OX.XOOX.;758.6
.OX.XOO.X;759.6
.OX.XOXO.;760.6
.OX.XO.OX;761.6
.OX.XOX.O;762.6
.OX.XO.XO;763.6
.OX..OXOX;764.6
.OX..OXXO;765.6
.OX..OOXX;766.6
.OXXX.OO.;767.6
.OXX.XOO.;768.6
.OXX..OOX;769.6
.OXXX.O.O;770.6
.OXX.XO.O;771.6
.OXX..OXO;772.6
.OX.XXOO.;773.6
.OX.X.OOX;774.6
.OX.XXO.O;775.6
.OX.X.OXO;776.6
.OX..XOOX;777.6
.OX..XOXO;778.6
.OXXX..OO;779.6
.OXX.X.OO;780.6
.OXX..XOO;781.6
.OX.XX.OO;782.6
.OX.X.XOO;783.6
.OX..XXOO;784.6
.OOXXOX..;785.6
.OOXXO.X.;786.6
.OOXXO..X;787.6
.OOXXXO..;788.6
.OOXX.OX.;789.6
.OOXX.O.X;790.6
.OOXXX.O.;791.6
.OOXX.XO.;792.6
.OOXX..OX;793.6
.OOXXX..O;794.6
.OOXX.X.O;795.6
.OOXX..XO;796.6
.OOXOXX..;797.6
.OOXOX.X.;798.6
.OOXOX..X;799.6
.OOX.XOX.;800.6
.OOX.XO.X;801.6
.OOX.XXO.;802.6
.OOX.X.OX;803.6
.OOX.XX.O;804.6
.OOX.X.XO;805.6
.OOXO.XX.;806.6
.OOXO.X.X;807.6
.OOX.OXX.;808.6
.OOX.OX.X;809.6
.OOX..XOX;810.6
.OOX..XXO;811.6
.OOXO..XX;812.6
.OOX.O.XX;813.6
.OOX..OXX;814.6
.O.XOXOX.;815.6
.O.XOXO.X;816.6
.O.XOXX.O;817.6
.O.XOX.XO;818.6
.O.XOOXX.;819.6
.O.XOOX.X;820.6
.O.XO.XXO;821.6
.O.XOO.XX;822.6
.O.XO.OXX;823.6
.O.XXOOX.;824.6
.O.XXOO.X;825.6
.O.XXOXO.;826.6
.O.XXO.OX;827.6
.O.XXOX.O;828.6
.O.XXO.XO;829.6
.O.X.OXOX;830.6
.O.X.OXXO;831.6
.O.X.OOXX;832.6
.O.XXXOO.;833.6
.O.XX.OOX;834.6
.O.XXXO.O;835.6
.O.XX.OXO;836.6
.O.X.XOOX;837.6
.O.X.XOXO;838.6
.O.XXX.OO;839.6
.O.XX.XOO;840.6
.O.X.XXOO;841.6
.OOOXXX..;842.6
.OOOXX.X.;843.6
.OOOXX..X;844.6
.OO.XXOX.;845.6
.OO.XXO.X;846.6
.OO.XXXO.;847.6
.OO.XX.OX;848.6
.OO.XXX.O;849.6
.OO.XX.XO;850.6
.OOOX.XX.;851.6
.OOOX.X.X;852.6
.OO.XOXX.;853.6
.OO.XOX.X;854.6
.OO.X.XOX;855.6
.OO.X.XXO;856.6
.OOOX..XX;857.6
.OO.XO.XX;858.6
.OO.X.OXX;859.6
.O.OXXOX.;860.6
.O.OXXO.X;861.6
.O.OXXXO.;862.6
.O.OXX.OX;863.6
.O.OXXX.O;864.6
.O.OXX.XO;865.6
.O.OXOXX.;866.6
.O.OXOX.X;867.6
.O.OX.XOX;868.6
.O.OX.XXO;869.6
.O.OXO.XX;870.6
.O.OX.OXX;871.6
.O..XOXOX;872.6
.O..XOXXO;873.6
.O..XOOXX;874.6
.O..XXOOX;875.6
.O..XXOXO;876.6
.O..XXXOO;877.6
.OOO.XXX.;878.6
.OOO.XX.X;879.6
.OO.OXXX.;880.6
.OO.OXX.X;881.6
.OO..XXOX;882.6
.OO..XXXO;883.6
.OOO.X.XX;884.6
.OO.OX.XX;885.6
.OO..XOXX;886.6
.O.OOXXX.;887.6
.O.OOXX.X;888.6
.O.O.XXOX;889.6
.O.O.XXXO;890.6
.O.OOX.XX;891.6
.O.O.XOXX;892.6
.O..OXXXO;893.6
.O..OXOXX;894.6
.OOO..XXX;895.6
.OO.O.XXX;896.6
.OO..OXXX;897.6
.O.OO.XXX;898.6
.O.O.OXXX;899.6
.O..OOXXX;900.6
XXOOOX...;901.6
XXOOO.X..;902.6
XXOOO..X.;903.6
XXOOO...X;904.6
XXOOXO...;905.6
XXOO.OX..;906.6
XXOO.O.X.;907.6
XXOO.O..X;908.6
XXOOX.O..;909.6
XXOO.XO..;910.6
XXOO..OX.;911.6
XXOO..O.X;912.6
XXOOX..O.;913.6
XXOO.X.O.;914.6
XXOO..XO.;915.6
XXOO...OX;916.6
XXOOX...O;917.6
XXOO.X..O;918.6
XXOO..X.O;919.6
XXOO...XO;920.6
X.OOXOX..;921.6
X.OOXO.X.;922.6
X.OOXO..X;923.6
X.OOXXO..;924.6
X.OOX.OX.;925.6
X.OOX.O.X;926.6
X.OOXX.O.;927.6
X.OOX.XO.;928.6
X.OOX..OX;929.6
X.OOXX..O;930.6
X.OOX.X.O;931.6
X.OOX..XO;932.6
X.OOOXX..;933.6
X.OOOX.X.;934.6
X.OOOX..X;935.6
X.OO.XOX.;936.6
X.OO.XO.X;937.6
X.OO.XXO.;938.6
X.OO.X.OX;939.6
X.OO.XX.O;940.6
X.OO.X.XO;941.6
X.OOO.XX.;942.6
X.OOO.X.X;943.6
X.OO.OXX.;944.6
X.OO.OX.X;945.6
X.OO..XOX;946.6
X.OO..XXO;947.6
X.OOO..XX;948.6
X.OO.O.XX;949.6
X.OO..OXX;950.6
XXOXOO...;951.6
XXO.OOX..;952.6
XXO.OO.X.;953.6
XXO.OO..X;954.6
XXOXO..O.;955.6
XXO.OX.O.;956.6
XXO.O.XO.;957.6
XXO.O..OX;958.6
XXOXO...O;959.6
XXO.OX..O;960.6
XXO.O.X.O;961.6
XXO.O..XO;962.6
X.OXOOX..;963.6
X.OXOO.X.;964.6
X.OXOO..X;965.6
X.OXOX.O.;966.6
X.OXO.XO.;967.6
X.OXO..OX;968.6
X.OXOX..O;969.6
X.OXO.X.O;970.6
X.OXO..XO;971.6
X.O.OXXO.;972.6
X.O.OX.OX;973.6
X.O.OXX.O;974.6
X.O.OX.XO;975.6
X.O.OOXX.;976.6
X.O.OOX.X;977.6
X.O.O.XOX;978.6
X.O.O.XXO;979.6
X.O.OO.XX;980.6
XXOX.OO..;981.6
XXO.XOO..;982.6
XXO..OOX.;983.6
XXO..OO.X;984.6
XXOX.O.O.;985.6
XXO.XO.O.;986.6
XXO..OXO.;987.6
XXO..O.OX;988.6
X.OXXOO..;989.6
X.OX.OOX.;990.6
X.OX.OO.X;991.6
X.OXXO.O.;992.6
X.OX.OXO.;993.6
X.OX.O.OX;994.6
X.O.XOOX.;995.6
X.O.XOO.X;996.6
X.O.XOXO.;997.6
X.O.XO.OX;998.6
X.O..OXOX;999.6
X.O..OOXX;1000.6
XXOX..OO.;1001.6
XXO.X.OO.;1002.6
XXO..XOO.;1003.6
XXO...OOX;1004.6
XXOX..O.O;1005.6
XXO.X.O.O;1006.6
XXO..XO.O;1007.6
XXO...OXO;1008.6
X.OXX.OO.;1009.6
X.OX.XOO.;1010.6
X.OX..OOX;1011.6
X.OXX.O.O;1012.6
X.OX.XO.O;1013.6
X.OX..OXO;1014.6
X.O.XXOO.;1015.6
X.O.X.OOX;1016.6
X.O.XXO.O;1017.6
X.O.X.OXO;1018.6
X.O..XOOX;1019.6
X.O..XOXO;1020.6
XXOX...OO;1021.6
XXO.X..OO;1022.6
XXO..X.OO;1023.6
XXO...XOO;1024.6
X.OXX..OO;1025.6
X.OX.X.OO;1026.6
X.OX..XOO;1027.6
X.O.XX.OO;1028.6
X.O.X.XOO;1029.6
X.O..XXOO;1030.6
.XOOXOX..;1031.6
.XOOXO.X.;1032.6
.XOOXO..X;1033.6
.XOOXXO..;1034.6
.XOOX.OX.;1035.6
.XOOX.O.X;1036.6
.XOOXX.O.;1037.6
.XOOX.XO.;1038.6
.XOOX..OX;1039.6
.XOOXX..O;1040.6
.XOOX.X.O;1041.6
.XOOX..XO;1042.6
.XOOOXX..;1043.6
.XOOOX.X.;1044.6
.XOOOX..X;1045.6
.XOO.XOX.;1046.6
.XOO.XO.X;1047.6
.XOO.XXO.;1048.6
.XOO.X.OX;1049.6
.XOO.XX.O;1050.6
.XOO.X.XO;1051.6
.XOOO.XX.;1052.6
.XOOO.X.X;1053.6
.XOO.OXX.;1054.6
.XOO.OX.X;1055.6
.XOO..XOX;1056.6
.XOO..XXO;1057.6
.XOOO..XX;1058.6
.XOO.O.XX;1059.6
.XOO..OXX;1060.6
.XOXOOX..;1061.6
.XOXOO.X.;1062.6
.XOXOO..X;1063.6
.XOXOX.O.;1064.6
.XOXO.XO.;1065.6
.XOXO..OX;1066.6
.XOXOX..O;1067.6
.XOXO.X.O;1068.6
.XOXO..XO;1069.6
.XO.OXXO.;1070.6
.XO.OX.OX;1071.6
.XO.OXX.O;1072.6
.XO.OX.XO;1073.6
.XO.OOXX.;1074.6
.XO.OOX.X;1075.6
.XO.O.XOX;1076.6
.XO.O.XXO;1077.6
.XO.OO.XX;1078.6
.XOXXOO..;1079.6
.XOX.OOX.;1080.6
.XOX.OO.X;1081.6
.XOXXO.O.;1082.6
.XOX.OXO.;1083.6
.XOX.O.OX;1084.6
.XO.XOOX.;1085.6
.XO.XOO.X;1086.6
.XO.XOXO.;1087.6
.XO.XO.OX;1088.6
.XO..OXOX;1089.6
.XO..OOXX;1090.6
.XOXX.OO.;1091.6
.XOX.XOO.;1092.6
.XOX..OOX;1093.6
.XOXX.O.O;1094.6
.XOX.XO.O;1095.6
.XOX..OXO;1096.6
.XO.XXOO.;1097.6
.XO.X.OOX;1098.6
.XO.XXO.O;1099.6
.XO.X.OXO;1100.6
.XO..XOOX;1101.6
.XO..XOXO;1102.6
.XOXX..OO;1103.6
.XOX.X.OO;1104.6
.XOX..XOO;1105.6
.XO.XX.OO;1106.6
.XO.X.XOO;1107.6
.XO..XXOO;1108.6
..OXOXXO.;1109.6
..OXOX.OX;1110.6
..OXOXX.O;1111.6
..OXOX.XO;1112.6
..OXOOXX.;1113.6
..OXOOX.X;1114.6
..OXO.XOX;1115.6
..OXO.XXO;1116.6
..OXOO.XX;1117.6
..OXXOOX.;1118.6
..OXXOO.X;1119.6
..OXXOXO.;1120.6
..OXXO.OX;1121.6
..OX.OXOX;1122.6
..OX.OOXX;1123.6
..OXXXOO.;1124.6
..OXX.OOX;1125.6
..OXXXO.O;1126.6
..OXX.OXO;1127.6
..OX.XOOX;1128.6
..OX.XOXO;1129.6
..OXXX.OO;1130.6
..OXX.XOO;1131.6
..OX.XXOO;1132.6
..OOXXOX.;1133.6
..OOXXO.X;1134.6
..OOXXXO.;1135.6
..OOXX.OX;1136.6
..OOXXX.O;1137.6
..OOXX.XO;1138.6
..OOXOXX.;1139.6
..OOXOX.X;1140.6
..OOX.XOX;1141.6
..OOX.XXO;1142.6
..OOXO.XX;1143.6
..OOX.OXX;1144.6
..O.XOXOX;1145.6
..O.XOOXX;1146.6
..O.XXOOX;1147.6
..O.XXOXO;1148.6
..O.XXXOO;1149.6
..OOOXXX.;1150.6
..OOOXX.X;1151.6
..OO.XXOX;1152.6
..OO.XXXO;1153.6
..OOOX.XX;1154.6
..OO.XOXX;1155.6
..O.OXXOX;1156.6
..O.OXXXO;1157.6
..OOO.XXX;1158.6
..OO.OXXX;1159.6
..O.OOXXX;1160.6
XXXOO.O..;1161.6
XX.OOXO..;1162.6
XX.OO.OX.;1163.6
XX.OO.O.X;1164.6
XXXOO..O.;1165.6
XX.OOX.O.;1166.6
XX.OO.XO.;1167.6
XX.OO..OX;1168.6
XXXOO...O;1169.6
XX.OOX..O;1170.6
XX.OO.X.O;1171.6
XX.OO..XO;1172.6
X.XOOXO..;1173.6
X.XOO.OX.;1174.6
X.XOO.O.X;1175.6
X.XOOX.O.;1176.6
X.XOO.XO.;1177.6
X.XOO..OX;1178.6
X.XOOX..O;1179.6
X.XOO.X.O;1180.6
X.XOO..XO;1181.6
X..OOXOX.;1182.6
X..OOXO.X;1183.6
X..OOXXO.;1184.6
X..OOX.OX;1185.6
X..OOXX.O;1186.6
X..OOX.XO;1187.6
X..OO.XOX;1188.6
X..OO.XXO;1189.6
X..OO.OXX;1190.6
XXXO.OO..;1191.6
XX.OXOO..;1192.6
XX.O.OOX.;1193.6
XX.O.OO.X;1194.6
XXXO.O.O.;1195.6
XX.OXO.O.;1196.6
XX.O.OXO.;1197.6
XX.O.O.OX;1198.6
XXXO.O..O;1199.6
XX.OXO..O;1200.6
XX.O.OX.O;1201.6
XX.O.O.XO;1202.6
X.XOXOO..;1203.6
X.XO.OOX.;1204.6
X.XO.OO.X;1205.6
X.XOXO.O.;1206.6
X.XO.OXO.;1207.6
X.XO.O.OX;1208.6
X.XOXO..O;1209.6
X.XO.OX.O;1210.6
X.XO.O.XO;1211.6
X..OXOOX.;1212.6
X..OXOO.X;1213.6
X..OXOXO.;1214.6
X..OXO.OX;1215.6
X..OXOX.O;1216.6
X..OXO.XO;1217.6
X..O.OXOX;1218.6
X..O.OXXO;1219.6
X..O.OOXX;1220.6
XXXO..OO.;1221.6
XX.OX.OO.;1222.6
XX.O.XOO.;1223.6
XX.O..OOX;1224.6
XXXO..O.O;1225.6
XX.OX.O.O;1226.6
XX.O.XO.O;1227.6
XX.O..OXO;1228.6
X.XOX.OO.;1229.6
X.XO.XOO.;1230.6
X.XO..OOX;1231.6
X.XOX.O.O;1232.6
X.XO.XO.O;1233.6
X.XO..OXO;1234.6
X..OXXOO.;1235.6
X..OX.OOX;1236.6
X..OXXO.O;1237.6
X..OX.OXO;1238.6
X..O.XOOX;1239.6
X..O.XOXO;1240.6
XXXO...OO;1241.6
XX.OX..OO;1242.6
XX.O.X.OO;1243.6
XX.O..XOO;1244.6
X.XOX..OO;1245.6
X.XO.X.OO;1246.6
X.XO..XOO;1247.6
X..OXX.OO;1248.6
X..OX.XOO;1249.6
X..O.XXOO;1250.6
.XXOOXO..;1251.6
.XXOO.OX.;1252.6
.XXOO.O.X;1253.6
.XXOOX.O.;1254.6
.XXOO.XO.;1255.6
.XXOO..OX;1256.6
.XXOOX..O;1257.6
.XXOO.X.O;1258.6
.XXOO..XO;1259.6
.X.OOXOX.;1260.6
.X.OOXO.X;1261.6
.X.OOXXO.;1262.6
.X.OOX.OX;1263.6
.X.OOXX.O;1264.6
.X.OOX.XO;1265.6
.X.OO.XOX;1266.6
.X.OO.XXO;1267.6
.X.OO.OXX;1268.6
.XXOXOO..;1269.6
.XXO.OOX.;1270.6
.XXO.OO.X;1271.6
.XXOXO.O.;1272.6
.XXO.OXO.;1273.6
.XXO.O.OX;1274.6
.XXOXO..O;1275.6
.XXO.OX.O;1276.6
.XXO.O.XO;1277.6
.X.OXOOX.;1278.6
.X.OXOO.X;1279.6
.X.OXOXO.;1280.6
.X.OXO.OX;1281.6
.X.OXOX.O;1282.6
.X.OXO.XO;1283.6
.X.O.OXOX;1284.6
.X.O.OXXO;1285.6
.X.O.OOXX;1286.6
.XXOX.OO.;1287.6
.XXO.XOO.;1288.6
.XXO..OOX;1289.6
.XXOX.O.O;1290.6
.XXO.XO.O;1291.6
.XXO..OXO;1292.6
.X.OXXOO.;1293.6
.X.OX.OOX;1294.6
.X.OXXO.O;1295.6
.X.OX.OXO;1296.6
.X.O.XOOX;1297.6
.X.O.XOXO;1298.6
.XXOX..OO;1299.6
.XXO.X.OO;1300.6
.XXO..XOO;1301.6
.X.OXX.OO;1302.6
.X.OX.XOO;1303.6
.X.O.XXOO;1304.6
..XOOXOX.;1305.6
..XOOXO.X;1306.6
..XOOXXO.;1307.6
..XOOX.OX;1308.6
..XOOXX.O;1309.6
..XOOX.XO;1310.6
..XOO.XOX;1311.6
..XOO.XXO;1312.6
..XOO.OXX;1313.6
..XOXOOX.;1314.6
..XOXOO.X;1315.6
..XOXOXO.;1316.6
..XOXO.OX;1317.6
..XOXOX.O;1318.6
..XOXO.XO;1319.6
..XO.OXOX;1320.6
..XO.OXXO;1321.6
..XO.OOXX;1322.6
..XOXXOO.;1323.6
..XOX.OOX;1324.6
..XOXXO.O;1325.6
..XOX.OXO;1326.6
..XO.XOOX;1327.6
..XO.XOXO;1328.6
..XOXX.OO;1329.6
..XOX.XOO;1330.6
..XO.XXOO;1331.6
...OXOXOX;1332.6
...OXOXXO;1333.6
...OXOOXX;1334.6
...OXXOOX;1335.6
...OXXOXO;1336.6
...OXXXOO;1337.6
...OOXXOX;1338.6
...OOXXXO;1339.6
...OOXOXX;1340.6
XXX.OOO..;1341.6
XX.XOOO..;1342.6
XX..OOOX.;1343.6
XX..OOO.X;1344.6
XXX.OO.O.;1345.6
XX.XOO.O.;1346.6
XX..OOXO.;1347.6
XX..OO.OX;1348.6
XXX.OO..O;1349.6
XX.XOO..O;1350.6
XX..OOX.O;1351.6
XX..OO.XO;1352.6
X.XXOOO..;1353.6
X.X.OOOX.;1354.6
X.X.OOO.X;1355.6
X.XXOO.O.;1356.6
X.X.OOXO.;1357.6
X.X.OO.OX;1358.6
X.XXOO..O;1359.6
X.X.OOX.O;1360.6
X.X.OO.XO;1361.6
X..XOOOX.;1362.6
X..XOOO.X;1363.6
X..XOOXO.;1364.6
X..XOO.OX;1365.6
X..XOOX.O;1366.6
X..XOO.XO;1367.6
X...OOXOX;1368.6
X...OOXXO;1369.6
X...OOOXX;1370.6
XXX.O.OO.;1371.6
XX.XO.OO.;1372.6
XX..OXOO.;1373.6
XX..O.OOX;1374.6
XXX.O.O.O;1375.6
XX.XO.O.O;1376.6
XX..OXO.O;1377.6
XX..O.OXO;1378.6
X.XXO.OO.;1379.6
X.X.OXOO.;1380.6
X.X.O.OOX;1381.6
X.XXO.O.O;1382.6
X.X.OXO.O;1383.6
X.X.O.OXO;1384.6
X..XOXOO.;1385.6
X..XO.OOX;1386.6
X..XOXO.O;1387.6
X..XO.OXO;1388.6
X...OXOOX;1389.6
X...OXOXO;1390.6
XXX.O..OO;1391.6
XX.XO..OO;1392.6
XX..OX.OO;1393.6
XX..O.XOO;1394.6
X.XXO..OO;1395.6
X.X.OX.OO;1396.6
X.X.O.XOO;1397.6
X..XOX.OO;1398.6
X..XO.XOO;1399.6
X...OXXOO;1400.6
.XXXOOO..;1401.6
.XX.OOOX.;1402.6
.XX.OOO.X;1403.6
.XXXOO.O.;1404.6
.XX.OOXO.;1405.6
.XX.OO.OX;1406.6
.XXXOO..O;1407.6
.XX.OOX.O;1408.6
.XX.OO.XO;1409.6
.X.XOOOX.;1410.6
.X.XOOO.X;1411.6
.X.XOOXO.;1412.6
.X.XOO.OX;1413.6
.X.XOOX.O;1414.6
.X.XOO.XO;1415.6
.X..OOXOX;1416.6
.X..OOXXO;1417.6
.X..OOOXX;1418.6
.XXXO.OO.;1419.6
.XX.OXOO.;1420.6
.XX.O.OOX;1421.6
.XXXO.O.O;1422.6
.XX.OXO.O;1423.6
.XX.O.OXO;1424.6
.X.XOXOO.;1425.6
.X.XO.OOX;1426.6
.X.XOXO.O;1427.6
.X.XO.OXO;1428.6
.X..OXOOX;1429.6
.X..OXOXO;1430.6
.XXXO..OO;1431.6
.XX.OX.OO;1432.6
.XX.O.XOO;1433.6
.X.XOX.OO;1434.6
.X.XO.XOO;1435.6
.X..OXXOO;1436.6
..XXOOOX.;1437.6
..XXOOO.X;1438.6
..XXOOXO.;1439.6
..XXOO.OX;1440.6
..XXOOX.O;1441.6
..XXOO.XO;1442.6
..X.OOXOX;1443.6
..X.OOXXO;1444.6
..X.OOOXX;1445.6
..XXOXOO.;1446.6
..XXO.OOX;1447.6
..XXOXO.O;1448.6
..XXO.OXO;1449.6
..X.OXOOX;1450.6
..X.OXOXO;1451.6
..XXOX.OO;1452.6
..XXO.XOO;1453.6
..X.OXXOO;1454.6
...XOOXOX;1455.6
...XOOXXO;1456.6
...XOOOXX;1457.6
...XOXOOX;1458.6
...XOXOXO;1459.6
...XOXXOO;1460.6
XXX..OOO.;1461.6
XX.X.OOO.;1462.6
XX..XOOO.;1463.6
XX...OOOX;1464.6
XXX..OO.O;1465.6
XX.X.OO.O;1466.6
XX..XOO.O;1467.6
XX...OOXO;1468.6
X.XX.OOO.;1469.6
X.X.XOOO.;1470.6
X.X..OOOX;1471.6
X.XX.OO.O;1472.6
X.X.XOO.O;1473.6
X.X..OOXO;1474.6
X..XXOOO.;1475.6
X..X.OOOX;1476.6
X..XXOO.O;1477.6
X..X.OOXO;1478.6
X...XOOOX;1479.6
X...XOOXO;1480.6
XXX..O.OO;1481.6
XX.X.O.OO;1482.6
XX..XO.OO;1483.6
XX...OXOO;1484.6
X.XX.O.OO;1485.6
X.X.XO.OO;1486.6
X.X..OXOO;1487.6
X..XXO.OO;1488.6
X..X.OXOO;1489.6
X...XOXOO;1490.6
.XXX.OOO.;1491.6
.XX.XOOO.;1492.6
.XX..OOOX;1493.6
.XXX.OO.O;1494.6
.XX.XOO.O;1495.6
.XX..OOXO;1496.6
.X.XXOOO.;1497.6
.X.X.OOOX;1498.6
.X.XXOO.O;1499.6
.X.X.OOXO;1500.6
.X..XOOOX;1501.6
.X..XOOXO;1502.6
.XXX.O.OO;1503.6
.XX.XO.OO;1504.6
.XX..OXOO;1505.6
.X.XXO.OO;1506.6
.X.X.OXOO;1507.6
.X..XOXOO;1508.6
..XXXOOO.;1509.6
..XX.OOOX;1510.6
..XXXOO.O;1511.6
..XX.OOXO;1512.6
..X.XOOOX;1513.6
..X.XOOXO;1514.6
..XXXO.OO;1515.6
..XX.OXOO;1516.6
..X.XOXOO;1517.6
...XXOOOX;1518.6
...XXOOXO;1519.6
...XXOXOO;1520.6
OXOXOXO..;1.7
OXOXOX.O.;2.7
OXOXOX..O;3.7
OXOXOOX..;4.7
OXOXO.XO.;5.7
OXOXO.X.O;6.7
OXOXOO.X.;7.7
OXOXO.OX.;8.7
OXOXO..XO;9.7
OXOXOO..X;10.7
OXOXO.O.X;11.7
OXOXO..OX;12.7
OXOXXOO..;13.7
OXOXXO.O.;14.7
OXOXXO..O;15.7
OXOX.OXO.;16.7
OXOX.OX.O;17.7
OXOX.OOX.;18.7
OXOX.O.XO;19.7
OXOX.OO.X;20.7
OXOX.O.OX;21.7
OXOXX.OO.;22.7
OXOXX.O.O;23.7
OXOX.XOO.;24.7
OXOX.XO.O;25.7
OXOX..OXO;26.7
OXOX..OOX;27.7
OXOXX..OO;28.7
OXOX.X.OO;29.7
OXOX..XOO;30.7
OXOOXXO..;31.7
OXOOXX.O.;32.7
OXOOXX..O;33.7
OXOOXOX..;34.7
OXOOX.XO.;35.7
OXOOX.X.O;36.7
OXOOXO..X;37.7
OXOOX.O.X;38.7
OXOOX..OX;39.7
OXO.XOXO.;40.7
OXO.XOX.O;41.7
OXO.XOO.X;42.7
OXO.XO.OX;43.7
OXO.XXOO.;44.7
OXO.XXO.O;45.7
OXO.X.OOX;46.7
OXO.XX.OO;47.7
OXO.X.XOO;48.7
OXOOOXX..;49.7
OXOO.XXO.;50.7
OXOO.XX.O;51.7
OXOOOX.X.;52.7
OXOO.XOX.;53.7
OXOO.X.XO;54.7
OXOOOX..X;55.7
OXOO.XO.X;56.7
OXOO.X.OX;57.7
OXO.OXXO.;58.7
OXO.OXX.O;59.7
OXO.OXOX.;60.7
OXO.OX.XO;61.7
OXO.OXO.X;62.7
OXO.OX.OX;63.7
OXO..XOXO;64.7
OXO..XOOX;65.7
OXO..XXOO;66.7
OXOOO.XX.;67.7
OXOO.OXX.;68.7
OXOO..XXO;69.7
OXOOO.X.X;70.7
OXOO.OX.X;71.7
OXOO..XOX;72.7
OXO.OOXX.;73.7
OXO.O.XXO;74.7
OXO.OOX.X;75.7
OXO.O.XOX;76.7
OXO..OXXO;77.7
OXO..OXOX;78.7
OXOOO..XX;79.7
OXOO.O.XX;80.7
OXOO..OXX;81.7
OXO.OO.XX;82.7
OXO.O.OXX;83.7
OXO..OOXX;84.7
OXXOOXO..;85.7
OXXOOX.O.;86.7
OXXOOX..O;87.7
OXXOOOX..;88.7
OXXOO.XO.;89.7
OXXOO.X.O;90.7
OXXOOO.X.;91.7
OXXOO.OX.;92.7
OXXOO..XO;93.7
OXXOOO..X;94.7
OXXOO.O.X;95.7
OXXOO..OX;96.7
OXXOXOO..;97.7
OXXOXO.O.;98.7
OXXOXO..O;99.7
OXXO.OXO.;100.7
OXXO.OX.O;101.7
OXXO.OOX.;102.7
OXXO.O.XO;103.7
OXXO.OO.X;104.7
OXXO.O.OX;105.7
OXXOX.OO.;106.7
OXXOX..OO;107.7
OXXO.XOO.;108.7
OXXO.X.OO;109.7
OXXO..XOO;110.7
OXXO..OOX;111.7
OXXOX.O.O;112.7
OXXO.XO.O;113.7
OXXO..OXO;114.7
OX.OXOXO.;115.7
OX.OXOX.O;116.7
OX.OXOO.X;117.7
OX.OXO.OX;118.7
OX.OXXOO.;119.7
OX.OXX.OO;120.7
OX.OX.XOO;121.7
OX.OX.OOX;122.7
OX.OXXO.O;123.7
OX.OOXXO.;124.7
OX.OOXX.O;125.7
OX.OOXOX.;126.7
OX.OOX.XO;127.7
OX.OOXO.X;128.7
OX.OOX.OX;129.7
OX.O.XXOO;130.7
OX.O.XOOX;131.7
OX.O.XOXO;132.7
OX.OOOXX.;133.7
OX.OO.XXO;134.7
OX.OOOX.X;135.7
OX.OO.XOX;136.7
OX.O.OXXO;137.7
OX.O.OXOX;138.7
OX.OOO.XX;139.7
OX.OO.OXX;140.7
OX.O.OOXX;141.7
OXXXOOO..;142.7
OXXXOO.O.;143.7
OXXXOO..O;144.7
OXX.OOXO.;145.7
OXX.OOX.O;146.7
OXX.OOOX.;147.7
OXX.OO.XO;148.7
OXX.OOO.X;149.7
OXX.OO.OX;150.7
OXXXO.OO.;151.7
OXXXO.O.O;152.7
OXX.OXOO.;153.7
OXX.OXO.O;154.7
OXX.O.OXO;155.7
OXX.O.OOX;156.7
OXXXO..OO;157.7
OXX.OX.OO;158.7
OXX.O.XOO;159.7
OX.XOOXO.;160.7
OX.XOOX.O;161.7
OX.XOOOX.;162.7
OX.XOO.XO;163.7
OX.XOOO.X;164.7
OX.XOO.OX;165.7
OX.XOXOO.;166.7
OX.XOXO.O;167.7
OX.XO.OXO;168.7
OX.XO.OOX;169.7
OX.XOX.OO;170.7
OX.XO.XOO;171.7
OX..OXOXO;172.7
OX..OXOOX;173.7
OX..OXXOO;174.7
OX..OOXXO;175.7
OX..OOXOX;176.7
OX..OOOXX;177.7
OXXX.OOO.;178.7
OXXX.OO.O;179.7
OXX.XOOO.;180.7
OXX.XOO.O;181.7
OXX..OOXO;182.7
OXX..OOOX;183.7
OXXX.O.OO;184.7
OXX.XO.OO;185.7
OXX..OXOO;186.7
OX.XXOOO.;187.7
OX.XXOO.O;188.7
OX.X.OOXO;189.7
OX.X.OOOX;190.7
OX.XXO.OO;191.7
OX.X.OXOO;192.7
OX..XOOOX;193.7
OX..XOXOO;194.7
OXXX..OOO;195.7
OXX.X.OOO;196.7
OXX..XOOO;197.7
OX.XX.OOO;198.7
OX.X.XOOO;199.7
OX..XXOOO;200.7
OOXXOXO..;201.7
OOXXOX.O.;202.7
OOXXOX..O;203.7
OOXXOOX..;204.7
OOXXO.XO.;205.7
OOXXO.X.O;206.7
OOXXOO.X.;207.7
OOXXO.OX.;208.7
OOXXO..XO;209.7
OOXXOO..X;210.7
OOXXO.O.X;211.7
OOXXO..OX;212.7
OOXXXOO..;213.7
OOXXXO.O.;214.7
OOXXXO..O;215.7
OOXX.OXO.;216.7
OOXX.OX.O;217.7
OOXX.OOX.;218.7
OOXX.O.XO;219.7
OOXX.OO.X;220.7
OOXX.O.OX;221.7
OOXXX.OO.;222.7
OOXXX.O.O;223.7
OOXX.XOO.;224.7
OOXX.XO.O;225.7
OOXX..OXO;226.7
OOXX..OOX;227.7
OOXXX..OO;228.7
OOXX.X.OO;229.7
OOXX..XOO;230.7
OOXOXXO..;231.7
OOXOXX.O.;232.7
OOXOXX..O;233.7
OOXOXO.X.;234.7
OOXOX.OX.;235.7
OOXOX..XO;236.7
OOXOXO..X;237.7
OOXOX.O.X;238.7
OOXOX..OX;239.7
OOX.XOOX.;240.7
OOX.XO.XO;241.7
OOX.XOO.X;242.7
OOX.XO.OX;243.7
OOX.XXOO.;244.7
OOX.XXO.O;245.7
OOX.X.OXO;246.7
OOX.X.OOX;247.7
OOX.XX.OO;248.7
OOXOOXX..;249.7
OOXO.XXO.;250.7
OOXO.XX.O;251.7
OOXOOX.X.;252.7
OOXO.XOX.;253.7
OOXO.X.XO;254.7
OOX.OXXO.;255.7
OOX.OXX.O;256.7
OOX.OXOX.;257.7
OOX.OX.XO;258.7
OOX..XOXO;259.7
OOX..XXOO;260.7
OOXOO.XX.;261.7
OOXO.OXX.;262.7
OOXO..XXO;263.7
OOXOO.X.X;264.7
OOXO.OX.X;265.7
OOXO..XOX;266.7
OOX.OOXX.;267.7
OOX.O.XXO;268.7
OOX.OOX.X;269.7
OOX.O.XOX;270.7
OOX..OXXO;271.7
OOX..OXOX;272.7
OOXOO..XX;273.7
OOXO.O.XX;274.7
OOXO..OXX;275.7
OOX.OO.XX;276.7
OOX.O.OXX;277.7
OOX..OOXX;278.7
O.XOXOOX.;279.7
O.XOXO.XO;280.7
O.XOXOO.X;281.7
O.XOXO.OX;282.7
O.XOXXOO.;283.7
O.XOXX.OO;284.7
O.XOX.OOX;285.7
O.XOXXO.O;286.7
O.XOX.OXO;287.7
O.XOOXXO.;288.7
O.XOOXX.O;289.7
O.XOOXOX.;290.7
O.XOOX.XO;291.7
O.XO.XXOO;292.7
O.XO.XOXO;293.7
O.XOOOXX.;294.7
O.XOO.XXO;295.7
O.XOOOX.X;296.7
O.XOO.XOX;297.7
O.XO.OXXO;298.7
O.XO.OXOX;299.7
O.XOOO.XX;300.7
O.XOO.OXX;301.7
O.XO.OOXX;302.7
O.XXOOXO.;303.7
O.XXOOX.O;304.7
O.XXOOOX.;305.7
O.XXOO.XO;306.7
O.XXOOO.X;307.7
O.XXOO.OX;308.7
O.XXOXOO.;309.7
O.XXOXO.O;310.7
O.XXO.OXO;311.7
O.XXO.OOX;312.7
O.XXOX.OO;313.7
O.XXO.XOO;314.7
O.X.OXOXO;315.7
O.X.OXXOO;316.7
O.X.OOXXO;317.7
O.X.OOXOX;318.7
O.X.OOOXX;319.7
O.XXXOOO.;320.7
O.XXXOO.O;321.7
O.XX.OOXO;322.7
O.XX.OOOX;323.7
O.XXXO.OO;324.7
O.XX.OXOO;325.7
O.X.XOOXO;326.7
O.X.XOOOX;327.7
O.XXX.OOO;328.7
O.XX.XOOO;329.7
O.X.XXOOO;330.7
OOOXXOX..;331.7
OO.XXOXO.;332.7
OO.XXOX.O;333.7
OOOXXO.X.;334.7
OO.XXOOX.;335.7
OO.XXO.XO;336.7
OOOXXO..X;337.7
OO.XXOO.X;338.7
OO.XXO.OX;339.7
OOOXX.OX.;340.7
OO.XX.OXO;341.7
OOOXX.O.X;342.7
OO.XX.OOX;343.7
OOOXX.XO.;344.7
OO.XX.XOO;345.7
OOOXX..OX;346.7
OOOXX.X.O;347.7
OOOXX..XO;348.7
OOOXOXX..;349.7
OO.XOXXO.;350.7
OO.XOXX.O;351.7
OOOXOX.X.;352.7
OO.XOXOX.;353.7
OO.XOX.XO;354.7
OOOXOX..X;355.7
OO.XOXO.X;356.7
OO.XOX.OX;357.7
OOOX.XOX.;358.7
OO.X.XOXO;359.7
OOOX.XO.X;360.7
OO.X.XOOX;361.7
OOOX.XXO.;362.7
OO.X.XXOO;363.7
OOOX.X.OX;364.7
OOOX.XX.O;365.7
OOOX.X.XO;366.7
OOOXO.XX.;367.7
OO.XOOXX.;368.7
OO.XO.XXO;369.7
OOOXO.X.X;370.7
OO.XOOX.X;371.7
OO.XO.XOX;372.7
OOOX.OXX.;373.7
OO.X.OXXO;374.7
OOOX.OX.X;375.7
OO.X.OXOX;376.7
OOOX..XOX;377.7
OOOX..XXO;378.7
OOOXO..XX;379.7
OO.XOO.XX;380.7
OO.XO.OXX;381.7
OOOX.O.XX;382.7
OO.X.OOXX;383.7
OOOX..OXX;384.7
O.OXXOXO.;385.7
O.OXXOX.O;386.7
O.OXXOOX.;387.7
O.OXXO.XO;388.7
O.OXXOO.X;389.7
O.OXXO.OX;390.7
O.OXX.OXO;391.7
O.OXX.OOX;392.7
O.OXX.XOO;393.7
O.OXOXXO.;394.7
O.OXOXX.O;395.7
O.OXOXOX.;396.7
O.OXOX.XO;397.7
O.OXOXO.X;398.7
O.OXOX.OX;399.7
O.OX.XOXO;400.7
O.OX.XOOX;401.7
O.OX.XXOO;402.7
O.OXOOXX.;403.7
O.OXO.XXO;404.7
O.OXOOX.X;405.7
O.OXO.XOX;406.7
O.OX.OXXO;407.7
O.OX.OXOX;408.7
O.OXOO.XX;409.7
O.OXO.OXX;410.7
O.OX.OOXX;411.7
O..XOXOXO;412.7
O..XOXOOX;413.7
O..XOXXOO;414.7
O..XOOXXO;415.7
O..XOOXOX;416.7
O..XOOOXX;417.7
O..XXOOXO;418.7
O..XXOOOX;419.7
O..XXOXOO;420.7
OOOOXXX..;421.7
OO.OXXXO.;422.7
OO.OXXX.O;423.7
OOOOXX.X.;424.7
OO.OXXOX.;425.7
OO.OXX.XO;426.7
OOOOXX..X;427.7
OO.OXXO.X;428.7
OO.OXX.OX;429.7
OOO.XXOX.;430.7
OO..XXOXO;431.7
OOO.XXO.X;432.7
OO..XXOOX;433.7
OOO.XXXO.;434.7
OO..XXXOO;435.7
OOO.XX.OX;436.7
OOO.XXX.O;437.7
OOO.XX.XO;438.7
OOOOX.XX.;439.7
OO.OXOXX.;440.7
OO.OX.XXO;441.7
OOOOX.X.X;442.7
OO.OXOX.X;443.7
OO.OX.XOX;444.7
OOO.XOXX.;445.7
OO..XOXXO;446.7
OOO.XOX.X;447.7
OO..XOXOX;448.7
OOO.X.XOX;449.7
OOO.X.XXO;450.7
OOOOX..XX;451.7
OO.OXO.XX;452.7
OO.OX.OXX;453.7
OOO.XO.XX;454.7
OO..XOOXX;455.7
OOO.X.OXX;456.7
O.OOXXXO.;457.7
O.OOXXX.O;458.7
O.OOXXOX.;459.7
O.OOXX.XO;460.7
O.OOXXO.X;461.7
O.OOXX.OX;462.7
O.O.XXOXO;463.7
O.O.XXOOX;464.7
O.O.XXXOO;465.7
O.OOXOXX.;466.7
O.OOX.XXO;467.7
O.OOXOX.X;468.7
O.OOX.XOX;469.7
O.O.XOXXO;470.7
O.O.XOXOX;471.7
O.OOXO.XX;472.7
O.OOX.OXX;473.7
O.O.XOOXX;474.7
O..OXXXOO;475.7
O..OXXOOX;476.7
O..OXXOXO;477.7
O..OXOXXO;478.7
O..OXOXOX;479.7
O..OXOOXX;480.7
OOOO.XXX.;481.7
OO.OOXXX.;482.7
OO.O.XXXO;483.7
OOOO.XX.X;484.7
OO.OOXX.X;485.7
OO.O.XXOX;486.7
OOO.OXXX.;487.7
OO..OXXXO;488.7
OOO.OXX.X;489.7
OO..OXXOX;490.7
OOO..XXOX;491.7
OOO..XXXO;492.7
OOOO.X.XX;493.7
OO.OOX.XX;494.7
OO.O.XOXX;495.7
OOO.OX.XX;496.7
OO..OXOXX;497.7
OOO..XOXX;498.7
O.OOOXXX.;499.7
O.OO.XXXO;500.7
O.OOOXX.X;501.7
O.OO.XXOX;502.7
O.O.OXXXO;503.7
O.O.OXXOX;504.7
O.OOOX.XX;505.7
O.OO.XOXX;506.7
O.O.OXOXX;507.7
O..OOXXXO;508.7
O..OOXXOX;509.7
O..OOXOXX;510.7
XOOXOXO..;511.7
XOOXOX.O.;512.7
XOOXOX..O;513.7
XOOXOO.X.;514.7
XOOXO.OX.;515.7
XOOXO..XO;516.7
XOOXOO..X;517.7
XOOXO.O.X;518.7
XOOXO..OX;519.7
XOOXXOO..;520.7
XOOXXO.O.;521.7
XOOXXO..O;522.7
XOOX.OOX.;523.7
XOOX.O.XO;524.7
XOOX.OO.X;525.7
XOOX.O.OX;526.7
XOOXX.OO.;527.7
XOOXX.O.O;528.7
XOOX.XOO.;529.7
XOOX.XO.O;530.7
XOOX..OXO;531.7
XOOX..OOX;532.7
XOOXX..OO;533.7
XOOX.X.OO;534.7
XOOOXXO..;535.7
XOOOXX.O.;536.7
XOOOXX..O;537.7
XOOOXOX..;538.7
XOOOX.XO.;539.7
XOOOX.X.O;540.7
XOOOXO.X.;541.7
XOOOX.OX.;542.7
XOOOX..XO;543.7
XOO.XOXO.;544.7
XOO.XOX.O;545.7
XOO.XOOX.;546.7
XOO.XO.XO;547.7
XOO.XXOO.;548.7
XOO.XXO.O;549.7
XOO.X.OXO;550.7
XOO.XX.OO;551.7
XOO.X.XOO;552.7
XOOOOXX..;553.7
XOOO.XXO.;554.7
XOOO.XX.O;555.7
XOOOOX.X.;556.7
XOOO.XOX.;557.7
XOOO.X.XO;558.7
XOOOOX..X;559.7
XOOO.XO.X;560.7
XOOO.X.OX;561.7
XOO.OXXO.;562.7
XOO.OXX.O;563.7
XOO.OXOX.;564.7
XOO.OX.XO;565.7
XOO.OXO.X;566.7
XOO.OX.OX;567.7
XOO..XOXO;568.7
XOO..XOOX;569.7
XOO..XXOO;570.7
XOOOO.XX.;571.7
XOOO.OXX.;572.7
XOOO..XXO;573.7
XOOOO.X.X;574.7
XOOO.OX.X;575.7
XOOO..XOX;576.7
XOO.OOXX.;577.7
XOO.O.XXO;578.7
XOO.OOX.X;579.7
XOO.O.XOX;580.7
XOO..OXXO;581.7
XOO..OXOX;582.7
XOOOO..XX;583.7
XOOO.O.XX;584.7
XOOO..OXX;585.7
XOO.OO.XX;586.7
XOO.O.OXX;587.7
XOO..OOXX;588.7
XOXOOXO..;589.7
XOXOOX.O.;590.7
XOXOOX..O;591.7
XOXOOOX..;592.7
XOXOO.XO.;593.7
XOXOO.X.O;594.7
XOXOOO.X.;595.7
XOXOO.OX.;596.7
XOXOO..XO;597.7
XOXOOO..X;598.7
XOXOO.O.X;599.7
XOXOO..OX;600.7
XOXOXOO..;601.7
XOXOXO.O.;602.7
XOXOXO..O;603.7
XOXO.OXO.;604.7
XOXO.OX.O;605.7
XOXO.OOX.;606.7
XOXO.O.XO;607.7
XOXO.OO.X;608.7
XOXO.O.OX;609.7
XOXOX.OO.;610.7
XOXOX.O.O;611.7
XOXO.XOO.;612.7
XOXO.XO.O;613.7
XOXO..OXO;614.7
XOXO..OOX;615.7
XOXOX..OO;616.7
XOXO.X.OO;617.7
XOXO..XOO;618.7
XO.OXOXO.;619.7
XO.OXOX.O;620.7
XO.OXOOX.;621.7
XO.OXO.XO;622.7
XO.OXXOO.;623.7
XO.OXXO.O;624.7
XO.OX.OXO;625.7
XO.OXX.OO;626.7
XO.OX.XOO;627.7
XO.OOXXO.;628.7
XO.OOXX.O;629.7
XO.OOXOX.;630.7
XO.OOX.XO;631.7
XO.OOXO.X;632.7
XO.OOX.OX;633.7
XO.O.XOXO;634.7
XO.O.XOOX;635.7
XO.O.XXOO;636.7
XO.OOOXX.;637.7
XO.OO.XXO;638.7
XO.OOOX.X;639.7
XO.OO.XOX;640.7
XO.O.OXXO;641.7
XO.O.OXOX;642.7
XO.OOO.XX;643.7
XO.OO.OXX;644.7
XO.O.OOXX;645.7
XOXXOOO..;646.7
XOXXOO.O.;647.7
XOXXOO..O;648.7
XOX.OOXO.;649.7
XOX.OOX.O;650.7
XOX.OOOX.;651.7
XOX.OO.XO;652.7
XOX.OOO.X;653.7
XOX.OO.OX;654.7
XOXXO.OO.;655.7
XOXXO.O.O;656.7
XOX.OXOO.;657.7
XOX.OXO.O;658.7
XOX.O.OXO;659.7
XOX.O.OOX;660.7
XOXXO..OO;661.7
XOX.OX.OO;662.7
XOX.O.XOO;663.7
XO.XOOOX.;664.7
XO.XOO.XO;665.7
XO.XOOO.X;666.7
XO.XOO.OX;667.7
XO.XOXOO.;668.7
XO.XOXO.O;669.7
XO.XO.OXO;670.7
XO.XO.OOX;671.7
XO.XOX.OO;672.7
XO..OXOXO;673.7
XO..OXOOX;674.7
XO..OXXOO;675.7
XO..OOXXO;676.7
XO..OOXOX;677.7
XO..OOOXX;678.7
XOXX.OOO.;679.7
XOXX.OO.O;680.7
XOX.XOOO.;681.7
XOX.XOO.O;682.7
XOX..OOXO;683.7
XOX..OOOX;684.7
XOXX.O.OO;685.7
XOX.XO.OO;686.7
XOX..OXOO;687.7
XO.XXOOO.;688.7
XO.XXOO.O;689.7
XO.X.OOXO;690.7
XO.X.OOOX;691.7
XO.XXO.OO;692.7
XO..XOOXO;693.7
XO..XOXOO;694.7
XOXX..OOO;695.7
XOX.X.OOO;696.7
XOX..XOOO;697.7
XO.XX.OOO;698.7
XO.X.XOOO;699.7
XO..XXOOO;700.7
.OXOXOOX.;701.7
.OXOXO.XO;702.7
.OXOXOO.X;703.7
.OXOXO.OX;704.7
.OXOXXOO.;705.7
.OXOXXO.O;706.7
.OXOX.OXO;707.7
.OXOX.OOX;708.7
.OXOXX.OO;709.7
.OXOOXXO.;710.7
.OXOOXX.O;711.7
.OXOOXOX.;712.7
.OXOOX.XO;713.7
.OXO.XOXO;714.7
.OXO.XXOO;715.7
.OXOOOXX.;716.7
.OXOO.XXO;717.7
.OXOOOX.X;718.7
.OXOO.XOX;719.7
.OXO.OXXO;720.7
.OXO.OXOX;721.7
.OXOOO.XX;722.7
.OXOO.OXX;723.7
.OXO.OOXX;724.7
.OXXOOXO.;725.7
.OXXOOX.O;726.7
.OXXOOOX.;727.7
.OXXOO.XO;728.7
.OXXOOO.X;729.7
.OXXOO.OX;730.7
.OXXOXOO.;731.7
.OXXOXO.O;732.7
.OXXO.OXO;733.7
.OXXO.OOX;734.7
.OXXOX.OO;735.7
.OXXO.XOO;736.7
.OX.OXOXO;737.7
.OX.OXXOO;738.7
.OX.OOXXO;739.7
.OX.OOXOX;740.7
.OX.OOOXX;741.7
.OXXXOOO.;742.7
.OXXXOO.O;743.7
.OXX.OOXO;744.7
.OXX.OOOX;745.7
.OXXXO.OO;746.7
.OXX.OXOO;747.7
.OX.XOOXO;748.7
.OX.XOOOX;749.7
.OXXX.OOO;750.7
.OXX.XOOO;751.7
.OX.XXOOO;752.7
.OOXXOXO.;753.7
.OOXXOX.O;754.7
.OOXXOOX.;755.7
.OOXXO.XO;756.7
.OOXXOO.X;757.7
.OOXXO.OX;758.7
.OOXX.OXO;759.7
.OOXX.OOX;760.7
.OOXX.XOO;761.7
.OOXOXXO.;762.7
.OOXOXX.O;763.7
.OOXOXOX.;764.7
.OOXOX.XO;765.7
.OOXOXO.X;766.7
.OOXOX.OX;767.7
.OOX.XOXO;768.7
.OOX.XOOX;769.7
.OOX.XXOO;770.7
.OOXOOXX.;771.7
.OOXO.XXO;772.7
.OOXOOX.X;773.7
.OOXO.XOX;774.7
.OOX.OXXO;775.7
.OOX.OXOX;776.7
.OOXOO.XX;777.7
.OOXO.OXX;778.7
.OOX.OOXX;779.7
.O.XOXOXO;780.7
.O.XOXOOX;781.7
.O.XOXXOO;782.7
.O.XOOXXO;783.7
.O.XOOXOX;784.7
.O.XOOOXX;785.7
.O.XXOOXO;786.7
.O.XXOOOX;787.7
.O.XXOXOO;788.7
.OOOXXXO.;789.7
.OOOXXX.O;790.7
.OOOXXOX.;791.7
.OOOXX.XO;792.7
.OOOXXO.X;793.7
.OOOXX.OX;794.7
.OO.XXOXO;795.7
.OO.XXOOX;796.7
.OO.XXXOO;797.7
.OOOXOXX.;798.7
.OOOX.XXO;799.7
.OOOXOX.X;800.7
.OOOX.XOX;801.7
.OO.XOXXO;802.7
.OO.XOXOX;803.7
.OOOXO.XX;804.7
.OOOX.OXX;805.7
.OO.XOOXX;806.7
.O.OXXOXO;807.7
.O.OXXOOX;808.7
.O.OXXXOO;809.7
.O.OXOXXO;810.7
.O.OXOXOX;811.7
.O.OXOOXX;812.7
.OOOOXXX.;813.7
.OOO.XXXO;814.7
.OOOOXX.X;815.7
.OOO.XXOX;816.7
.OO.OXXXO;817.7
.OO.OXXOX;818.7
.OOOOX.XX;819.7
.OOO.XOXX;820.7
.OO.OXOXX;821.7
.O.OOXXXO;822.7
.O.OOXXOX;823.7
.O.OOXOXX;824.7
XXOOOXO..;825.7
XXOOOX.O.;826.7
XXOOOX..O;827.7
XXOOOOX..;828.7
XXOOO.XO.;829.7
XXOOO.X.O;830.7
XXOOOO.X.;831.7
XXOOO.OX.;832.7
XXOOO..XO;833.7
XXOOOO..X;834.7
XXOOO.O.X;835.7
XXOOO..OX;836.7
XXOOXOO..;837.7
XXOOXO.O.;838.7
XXOOXO..O;839.7
XXOO.OXO.;840.7
XXOO.OX.O;841.7
XXOO.OOX.;842.7
XXOO.O.XO;843.7
XXOO.OO.X;844.7
XXOO.O.OX;845.7
XXOOX.OO.;846.7
XXOOX.O.O;847.7
XXOO.XOO.;848.7
XXOO.XO.O;849.7
XXOO..OXO;850.7
XXOO..OOX;851.7
XXOOX..OO;852.7
XXOO.X.OO;853.7
XXOO..XOO;854.7
X.OOXOXO.;855.7
X.OOXOX.O;856.7
X.OOXOOX.;857.7
X.OOXO.XO;858.7
X.OOXXOO.;859.7
X.OOXXO.O;860.7
X.OOX.OXO;861.7
X.OOXX.OO;862.7
X.OOX.XOO;863.7
X.OOOXXO.;864.7
X.OOOXX.O;865.7
X.OOOXOX.;866.7
X.OOOX.XO;867.7
X.OOOXO.X;868.7
X.OOOX.OX;869.7
X.OO.XOXO;870.7
X.OO.XOOX;871.7
X.OO.XXOO;872.7
X.OOOOXX.;873.7
X.OOO.XXO;874.7
X.OOOOX.X;875.7
X.OOO.XOX;876.7
X.OO.OXXO;877.7
X.OO.OXOX;878.7
X.OOOO.XX;879.7
X.OOO.OXX;880.7
X.OO.OOXX;881.7
XXOXOOO..;882.7
XXOXOO.O.;883.7
XXOXOO..O;884.7
XXO.OOXO.;885.7
XXO.OOX.O;886.7
XXO.OOOX.;887.7
XXO.OO.XO;888.7
XXO.OOO.X;889.7
XXO.OO.OX;890.7
XXOXO.OO.;891.7
XXOXO..OO;892.7
XXO.OXOO.;893.7
XXO.OX.OO;894.7
XXO.O.XOO;895.7
XXO.O.OOX;896.7
XXOXO.O.O;897.7
XXO.OXO.O;898.7
XXO.O.OXO;899.7
X.OXOOOX.;900.7
X.OXOO.XO;901.7
X.OXOOO.X;902.7
X.OXOO.OX;903.7
X.OXOXOO.;904.7
X.OXOX.OO;905.7
X.OXO.OOX;906.7
X.OXOXO.O;907.7
X.OXO.OXO;908.7
X.O.OXXOO;909.7
X.O.OXOOX;910.7
X.O.OXOXO;911.7
X.O.OOXXO;912.7
X.O.OOXOX;913.7
X.O.OOOXX;914.7
XXOX.OOO.;915.7
XXOX.OO.O;916.7
XXO.XOOO.;917.7
XXO.XOO.O;918.7
XXO..OOXO;919.7
XXO..OOOX;920.7
XXOX.O.OO;921.7
XXO.XO.OO;922.7
XXO..OXOO;923.7
X.OXXOOO.;924.7
X.OXXOO.O;925.7
X.OX.OOXO;926.7
X.OX.OOOX;927.7
X.OXXO.OO;928.7
X.O.XOOXO;929.7
X.O.XOXOO;930.7
XXOX..OOO;931.7
XXO.X.OOO;932.7
XXO..XOOO;933.7
X.OXX.OOO;934.7
X.OX.XOOO;935.7
X.O.XXOOO;936.7
.XOOXOXO.;937.7
.XOOXOX.O;938.7
.XOOXOO.X;939.7
.XOOXO.OX;940.7
.XOOXXOO.;941.7
.XOOXXO.O;942.7
.XOOX.OOX;943.7
.XOOXX.OO;944.7
.XOOX.XOO;945.7
.XOOOXXO.;946.7
.XOOOXX.O;947.7
.XOOOXOX.;948.7
.XOOOX.XO;949.7
.XOOOXO.X;950.7
.XOOOX.OX;951.7
.XOO.XOXO;952.7
.XOO.XOOX;953.7
.XOO.XXOO;954.7
.XOOOOXX.;955.7
.XOOO.XXO;956.7
.XOOOOX.X;957.7
.XOOO.XOX;958.7
.XOO.OXXO;959.7
.XOO.OXOX;960.7
.XOOOO.XX;961.7
.XOOO.OXX;962.7
.XOO.OOXX;963.7
.XOXOOXO.;964.7
.XOXOOX.O;965.7
.XOXOOOX.;966.7
.XOXOO.XO;967.7
.XOXOOO.X;968.7
.XOXOO.OX;969.7
.XOXOXOO.;970.7
.XOXOX.OO;971.7
.XOXO.XOO;972.7
.XOXO.OOX;973.7
.XOXOXO.O;974.7
.XOXO.OXO;975.7
.XO.OXXOO;976.7
.XO.OXOOX;977.7
.XO.OXOXO;978.7
.XO.OOXXO;979.7
.XO.OOXOX;980.7
.XO.OOOXX;981.7
.XOXXOOO.;982.7
.XOXXOO.O;983.7
.XOX.OOXO;984.7
.XOX.OOOX;985.7
.XOXXO.OO;986.7
.XOX.OXOO;987.7
.XO.XOOOX;988.7
.XO.XOXOO;989.7
.XOXX.OOO;990.7
.XOX.XOOO;991.7
.XO.XXOOO;992.7
..OXOXXOO;993.7
..OXOXOOX;994.7
..OXOXOXO;995.7
..OXOOXXO;996.7
..OXOOXOX;997.7
..OXOOOXX;998.7
..OXXOOXO;999.7
..OXXOOOX;1000.7
..OXXOXOO;1001.7
..OOXXOXO;1002.7
..OOXXOOX;1003.7
..OOXXXOO;1004.7
..OOXOXXO;1005.7
..OOXOXOX;1006.7
..OOXOOXX;1007.7
..OOOXXXO;1008.7
..OOOXXOX;1009.7
..OOOXOXX;1010.7
XX.OOXOO.;1011.7
XX.OOXO.O;1012.7
XX.OOOOX.;1013.7
XX.OO.OXO;1014.7
XX.OOOO.X;1015.7
XX.OO.OOX;1016.7
XX.OOX.OO;1017.7
XX.OOOXO.;1018.7
XX.OO.XOO;1019.7
XX.OOO.OX;1020.7
XX.OOOX.O;1021.7
XX.OOO.XO;1022.7
X.XOOXOO.;1023.7
X.XOOXO.O;1024.7
X.XOOOOX.;1025.7
X.XOO.OXO;1026.7
X.XOOOO.X;1027.7
X.XOO.OOX;1028.7
X.XOOX.OO;1029.7
X.XOOOXO.;1030.7
X.XOO.XOO;1031.7
X.XOOO.OX;1032.7
X.XOOOX.O;1033.7
X.XOOO.XO;1034.7
X..OOXOXO;1035.7
X..OOXOOX;1036.7
X..OOXXOO;1037.7
X..OOOXOX;1038.7
X..OOOXXO;1039.7
X..OOOOXX;1040.7
XX.OXOOO.;1041.7
XX.OXOO.O;1042.7
XX.O.OOXO;1043.7
XX.O.OOOX;1044.7
XX.OXO.OO;1045.7
XX.O.OXOO;1046.7
X.XOXOOO.;1047.7
X.XOXOO.O;1048.7
X.XO.OOXO;1049.7
X.XO.OOOX;1050.7
X.XOXO.OO;1051.7
X.XO.OXOO;1052.7
X..OXOOXO;1053.7
X..OXOXOO;1054.7
XX.OX.OOO;1055.7
XX.O.XOOO;1056.7
X.XOX.OOO;1057.7
X.XO.XOOO;1058.7
X..OXXOOO;1059.7
.XXOOXOO.;1060.7
.XXOOXO.O;1061.7
.XXOOOOX.;1062.7
.XXOO.OXO;1063.7
.XXOOOO.X;1064.7
.XXOO.OOX;1065.7
.XXOOX.OO;1066.7
.XXOOOXO.;1067.7
.XXOO.XOO;1068.7
.XXOOO.OX;1069.7
.XXOOOX.O;1070.7
.XXOOO.XO;1071.7
.X.OOXOXO;1072.7
.X.OOXOOX;1073.7
.X.OOXXOO;1074.7
.X.OOOXOX;1075.7
.X.OOOXXO;1076.7
.X.OOOOXX;1077.7
.XXOXOOO.;1078.7
.XXOXOO.O;1079.7
.XXO.OOXO;1080.7
.XXO.OOOX;1081.7
.XXOXO.OO;1082.7
.XXO.OXOO;1083.7
.X.OXOOOX;1084.7
.X.OXOXOO;1085.7
.XXOX.OOO;1086.7
.XXO.XOOO;1087.7
.X.OXXOOO;1088.7
..XOOXOXO;1089.7
..XOOXXOO;1090.7
..XOOOXOX;1091.7
..XOOOXXO;1092.7
..XOOOOXX;1093.7
..XOXOOXO;1094.7
..XOXOOOX;1095.7
..XOXXOOO;1096.7
XX.XOOOO.;1097.7
XX.XOOO.O;1098.7
XX..OOOXO;1099.7
XX..OOOOX;1100.7
XX.XOO.OO;1101.7
XX..OOXOO;1102.7
X.XXOOOO.;1103.7
X.XXOOO.O;1104.7
X.X.OOOXO;1105.7
X.X.OOOOX;1106.7
X.XXOO.OO;1107.7
X.X.OOXOO;1108.7
X..XOOOXO;1109.7
X..XOOOOX;1110.7
XX.XO.OOO;1111.7
XX..OXOOO;1112.7
X.XXO.OOO;1113.7
X.X.OXOOO;1114.7
X..XOXOOO;1115.7
.XXXOOOO.;1116.7
.XXXOOO.O;1117.7
.XX.OOOXO;1118.7
.XX.OOOOX;1119.7
.XXXOO.OO;1120.7
.XX.OOXOO;1121.7
.X.XOOOXO;1122.7
.X.XOOOOX;1123.7
.X.XOOXOO;1124.7
.XXXO.OOO;1125.7
.XX.OXOOO;1126.7
.X.XOXOOO;1127.7
..XXOOOXO;1128.7
..XXOOOOX;1129.7
..XXOOXOO;1130.7
..XXOXOOO;1131.7
XX.X.OOOO;1132.7
XX..XOOOO;1133.7
X.XX.OOOO;1134.7
X.X.XOOOO;1135.7
X..XXOOOO;1136.7
.XXX.OOOO;1137.7
.XX.XOOOO;1138.7
.X.XXOOOO;1139.7
..XXXOOOO;1140.7
OXOXOXXO.;1.8
OXOXOX.OX;2.8
OXOXOOXX.;3.8
OXOXOOX.X;4.8
OXOXO.XOX;5.8
OXOXOO.XX;6.8
OXOXXOOX.;7.8
OXOXXOO.X;8.8
OXOXXOXO.;9.8
OXOXXO.OX;10.8
OXOX.OXOX;11.8
OXOX.OOXX;12.8
OXOXXXOO.;13.8
OXOXX.OOX;14.8
OXOXXXO.O;15.8
OXOXX.OXO;16.8
OXOX.XOOX;17.8
OXOX.XOXO;18.8
OXOXXX.OO;19.8
OXOXX.XOO;20.8
OXOX.XXOO;21.8
OXOOXXXO.;22.8
OXOOXX.OX;23.8
OXOOXXX.O;24.8
OXOOXX.XO;25.8
OXOOXOXX.;26.8
OXOOXOX.X;27.8
OXOOX.XOX;28.8
OXOOX.XXO;29.8
OXOOXO.XX;30.8
OXO.XOXOX;31.8
OXO.XOOXX;32.8
OXO.XXOOX;33.8
OXO.XXOXO;34.8
OXO.XXXOO;35.8
OXOOOXXX.;36.8
OXOOOXX.X;37.8
OXOO.XXOX;38.8
OXOO.XXXO;39.8
OXOOOX.XX;40.8
OXO.OXXOX;41.8
OXOOO.XXX;42.8
OXOO.OXXX;43.8
OXO.OOXXX;44.8
OXXOOXXO.;45.8
OXXOOX.OX;46.8
OXXOO.XOX;47.8
OXXOXOXO.;48.8
OXXOXO.OX;49.8
OXXOXOX.O;50.8
OXXOXO.XO;51.8
OXXO.OXOX;52.8
OXXO.OXXO;53.8
OXXOXX.OO;54.8
OXXOX.XOO;55.8
OXXO.XXOO;56.8
OX.OXOXOX;57.8
OX.OXOXXO;58.8
OX.OXXXOO;59.8
OX.OOXXOX;60.8
OXXXOOOX.;61.8
OXXXOOO.X;62.8
OXXXOOXO.;63.8
OXXXOO.OX;64.8
OXX.OOXOX;65.8
OXX.OOOXX;66.8
OXXXOXOO.;67.8
OXXXO.OOX;68.8
OXX.OXOOX;69.8
OX.XOOXOX;70.8
OX.XOOOXX;71.8
OX.XOXOOX;72.8
OXXXXOOO.;73.8
OXXX.OOOX;74.8
OXXXXOO.O;75.8
OXXX.OOXO;76.8
OXX.XOOOX;77.8
OXX.XOOXO;78.8
OXXXXO.OO;79.8
OXXX.OXOO;80.8
OXX.XOXOO;81.8
OX.XXOOOX;82.8
OX.XXOOXO;83.8
OX.XXOXOO;84.8
OOXXOXOX.;85.8
OOXXOXO.X;86.8
OOXXOOXX.;87.8
OOXXOOX.X;88.8
OOXXOO.XX;89.8
OOXXO.OXX;90.8
OOXXXOOX.;91.8
OOXXXOO.X;92.8
OOXXXOXO.;93.8
OOXXXO.OX;94.8
OOXXXOX.O;95.8
OOXXXO.XO;96.8
OOXX.OXOX;97.8
OOXX.OXXO;98.8
OOXX.OOXX;99.8
OOXXXXOO.;100.8
OOXXX.OOX;101.8
OOXXXXO.O;102.8
OOXXX.OXO;103.8
OOXX.XOOX;104.8
OOXX.XOXO;105.8
OOXXXX.OO;106.8
OOXXX.XOO;107.8
OOXX.XXOO;108.8
OOXOXXXO.;109.8
OOXOXX.OX;110.8
OOXOXXX.O;111.8
OOXOXX.XO;112.8
OOXOXOXX.;113.8
OOXOXO.XX;114.8
OOXOX.XXO;115.8
OOXOXOX.X;116.8
OOXOX.XOX;117.8
OOX.XOOXX;118.8
OOX.XOXXO;119.8
OOX.XOXOX;120.8
OOX.XXOOX;121.8
OOX.XXOXO;122.8
OOX.XXXOO;123.8
OOXOOXXX.;124.8
OOXOOXX.X;125.8
OOXO.XXOX;126.8
OOXO.XXXO;127.8
OOXOOX.XX;128.8
OOX.OXOXX;129.8
OOXOO.XXX;130.8
OOXO.OXXX;131.8
OOX.OOXXX;132.8
O.XOXOXXO;133.8
O.XOXOXOX;134.8
O.XOXXXOO;135.8
O.XOOXXOX;136.8
O.XXOOXOX;137.8
O.XXOOOXX;138.8
O.XXOXOOX;139.8
O.XXXOOOX;140.8
O.XXXOOXO;141.8
O.XXXOXOO;142.8
OO.XXOXOX;143.8
OO.XXOXXO;144.8
OO.XXOOXX;145.8
OO.XXXOXO;146.8
OO.XXXOOX;147.8
OO.XXXXOO;148.8
OO.XOXOXX;149.8
OO.XOOXXX;150.8
O.OXXOXOX;151.8
O.OXXOOXX;152.8
O.OXXXOXO;153.8
O.OXXXOOX;154.8
O.OXXXXOO;155.8
O.OXOXXOX;156.8
O.OXOOXXX;157.8
OO.OXXXOX;158.8
OO.OXXXXO;159.8
OO.OXOXXX;160.8
O.OOXXXOX;161.8
O.OOXXXXO;162.8
O.OOXOXXX;163.8
OO.OOXXXX;164.8
O.OOOXXXX;165.8
XOOXOXX.O;166.8
XOOXOX.XO;167.8
XOOXOOXX.;168.8
XOOXOO.XX;169.8
XOOXO.XXO;170.8
XOOXOOX.X;171.8
XOOXXOOX.;172.8
XOOXXOO.X;173.8
XOOXXOXO.;174.8
XOOXXO.OX;175.8
XOOX.OOXX;176.8
XOOX.OXOX;177.8
XOOXXXOO.;178.8
XOOXX.OOX;179.8
XOOXXXO.O;180.8
XOOXX.OXO;181.8
XOOX.XOOX;182.8
XOOX.XOXO;183.8
XOOXXX.OO;184.8
XOOXX.XOO;185.8
XOOX.XXOO;186.8
XOOOXXOX.;187.8
XOOOXXO.X;188.8
XOOOXXXO.;189.8
XOOOXX.OX;190.8
XOOOXXX.O;191.8
XOOOXX.XO;192.8
XOOOXOXX.;193.8
XOOOXOX.X;194.8
XOOOX.XOX;195.8
XOOOX.XXO;196.8
XOOOXO.XX;197.8
XOOOX.OXX;198.8
XOO.XOXOX;199.8
XOO.XOOXX;200.8
XOO.XXOOX;201.8
XOO.XXOXO;202.8
XOO.XXXOO;203.8
XOOOOXXX.;204.8
XOOOOXX.X;205.8
XOOO.XXOX;206.8
XOOO.XXXO;207.8
XOOOOX.XX;208.8
XOOO.XOXX;209.8
XOO.OXXXO;210.8
XOOOO.XXX;211.8
XOOO.OXXX;212.8
XOO.OOXXX;213.8
XOXOOXOX.;214.8
XOXOOXO.X;215.8
XOXOOXX.O;216.8
XOXOOX.XO;217.8
XOXOO.XXO;218.8
XOXOO.OXX;219.8
XOXOXOOX.;220.8
XOXOXOO.X;221.8
XOXOXOXO.;222.8
XOXOXO.OX;223.8
XOXOXOX.O;224.8
XOXOXO.XO;225.8
XOXO.OXOX;226.8
XOXO.OXXO;227.8
XOXO.OOXX;228.8
XOXOXXOO.;229.8
XOXOX.OOX;230.8
XOXOXXO.O;231.8
XOXOX.OXO;232.8
XOXO.XOOX;233.8
XOXO.XOXO;234.8
XOXOXX.OO;235.8
XOXOX.XOO;236.8
XOXO.XXOO;237.8
XO.OXOXOX;238.8
XO.OXOXXO;239.8
XO.OXOOXX;240.8
XO.OXXOOX;241.8
XO.OXXOXO;242.8
XO.OXXXOO;243.8
XO.OOXXXO;244.8
XO.OOXOXX;245.8
XOXXOOOX.;246.8
XOXXOOO.X;247.8
XOXXOOX.O;248.8
XOXXOO.XO;249.8
XOX.OOXXO;250.8
XOX.OOOXX;251.8
XOXXOXO.O;252.8
XOXXO.OXO;253.8
XOX.OXOXO;254.8
XO.XOOOXX;255.8
XO.XOOXXO;256.8
XO.XOXOXO;257.8
XOXXXOOO.;258.8
XOXX.OOOX;259.8
XOXXXOO.O;260.8
XOXX.OOXO;261.8
XOX.XOOOX;262.8
XOX.XOOXO;263.8
XOXXXO.OO;264.8
XOXX.OXOO;265.8
XOX.XOXOO;266.8
XO.XXOOOX;267.8
XO.XXOOXO;268.8
XO.XXOXOO;269.8
.OXOXOOXX;270.8
.OXOXOXXO;271.8
.OXOXOXOX;272.8
.OXOXXOOX;273.8
.OXOXXOXO;274.8
.OXOXXXOO;275.8
.OXOOXXXO;276.8
.OXOOXOXX;277.8
.OXXOOXXO;278.8
.OXXOOOXX;279.8
.OXXOXOXO;280.8
.OXXXOOOX;281.8
.OXXXOOXO;282.8
.OXXXOXOO;283.8
.OOXXOXOX;284.8
.OOXXOOXX;285.8
.OOXXXOXO;286.8
.OOXXXOOX;287.8
.OOXXXXOO;288.8
.OOXOXXXO;289.8
.OOXOOXXX;290.8
.OOOXXXOX;291.8
.OOOXXXXO;292.8
.OOOXXOXX;293.8
.OOOXOXXX;294.8
.OOOOXXXX;295.8
XXOOOXXO.;296.8
XXOOOX.OX;297.8
XXOOOXX.O;298.8
XXOOOX.XO;299.8
XXOOO.XOX;300.8
XXOOO.XXO;301.8
XXOOXOOX.;302.8
XXOOXOO.X;303.8
XXOOXOXO.;304.8
XXOOXO.OX;305.8
XXOO.OXOX;306.8
XXOO.OOXX;307.8
XXOOXXOO.;308.8
XXOOX.OOX;309.8
XXOOXXO.O;310.8
XXOOX.OXO;311.8
XXOO.XOOX;312.8
XXOO.XOXO;313.8
XXOOXX.OO;314.8
XXOOX.XOO;315.8
XXOO.XXOO;316.8
X.OOXOXOX;317.8
X.OOXOOXX;318.8
X.OOXXOOX;319.8
X.OOXXOXO;320.8
X.OOXXXOO;321.8
X.OOOXXOX;322.8
X.OOOXXXO;323.8
XXOXOOXO.;324.8
XXOXOO.OX;325.8
XXO.OOXOX;326.8
XXOXOX.OO;327.8
XXOXO.XOO;328.8
XXO.OXXOO;329.8
X.OXOOXOX;330.8
X.OXOXXOO;331.8
XXOXXOOO.;332.8
XXOX.OOOX;333.8
XXO.XOOOX;334.8
X.OXXOOOX;335.8
.XOOXOXOX;336.8
.XOOXOOXX;337.8
.XOOXXOOX;338.8
.XOOXXOXO;339.8
.XOOXXXOO;340.8
.XOOOXXOX;341.8
.XOOOXXXO;342.8
.XOXOOXOX;343.8
.XOXOXXOO;344.8
.XOXXOOOX;345.8
XXXOOXOO.;346.8
XX.OOXOOX;347.8
XXXOOXO.O;348.8
XX.OOXOXO;349.8
XXXOO.OXO;350.8
XXXOO.OOX;351.8
XXXOOX.OO;352.8
XX.OOXXOO;353.8
XXXOO.XOO;354.8
X.XOOXOOX;355.8
X.XOOXOXO;356.8
X.XOOXXOO;357.8
XXXOXOOO.;358.8
XX.OXOOOX;359.8
XXXOXOO.O;360.8
XX.OXOOXO;361.8
XXXO.OOXO;362.8
XXXO.OOOX;363.8
XXXOXO.OO;364.8
XX.OXOXOO;365.8
XXXO.OXOO;366.8
X.XOXOOOX;367.8
X.XOXOOXO;368.8
X.XOXOXOO;369.8
.XXOOXOOX;370.8
.XXOOXOXO;371.8
.XXOOXXOO;372.8
.XXOXOOOX;373.8
.XXOXOOXO;374.8
.XXOXOXOO;375.8
XXXXOOOO.;376.8
XX.XOOOOX;377.8
XXXXOOO.O;378.8
XX.XOOOXO;379.8
XXX.OOOXO;380.8
XXX.OOOOX;381.8
XXXXOO.OO;382.8
XX.XOOXOO;383.8
XXX.OOXOO;384.8
X.XXOOOOX;385.8
X.XXOOOXO;386.8
X.XXOOXOO;387.8
.XXXOOOOX;388.8
.XXXOOOXO;389.8
.XXXOOXOO;390.8
OXOXOXXOO;1.9
OXOXOXOOX;2.9
OXOXOOXXO;3.9
OXOXOOXOX;4.9
OXOXOOOXX;5.9
OXOXXOOOX;6.9
OXOXXOXOO;7.9
OXOXOXOXO;8.9
OXOOXXXOO;9.9
OXOOXXOOX;10.9
OXOOXOXOX;11.9
OXOOOXXXO;12.9
OXOOOXXOX;13.9
OXOOOXOXX;14.9
OXXOOXXOO;15.9
OXXOOOXOX;16.9
OXXOXOOOX;17.9
OXXOOOXXO;18.9
OXXOXXOOO;19.9
OXXXOOOXO;20.9
OXXXOOOOX;21.9
OXXXOOXOO;22.9
OXXOOOOXX;23.9
OXXXOXOOO;24.9
OXXXXOOOO;25.9
OOXXOXOXO;26.9
OOXXOOXXO;27.9
OOXXOOXOX;28.9
OOXXOOOXX;29.9
OOXXXOOXO;30.9
OOXXXOOOX;31.9
OOXXOXXOO;32.9
OOXOXXOXO;33.9
OOXOXOOXX;34.9
OOXOOXXXO;35.9
OOOXXOXOX;36.9
OOOXXOXXO;37.9
OOOXXOOXX;38.9
OOOXOXOXX;39.9
OOOXOXXOX;40.9
OOOOXXXOX;41.9
OOOOXXXXO;42.9
XOOXOXOXO;43.9
XOOXOOOXX;44.9
XOOXXOOXO;45.9
XOOXOXOOX;46.9
XOOOXXOXO;47.9
XOOOXXXOO;48.9
XOOOXOXXO;49.9
XOOOOXXXO;50.9
XOOOOXXOX;51.9
XOOOOXOXX;52.9
XOXOOXOXO;53.9
XOXOOXXOO;54.9
XOXOOOXXO;55.9
XOXOOOOXX;56.9
XOXOXOOXO;57.9
XOXOOOXOX;58.9
XOXOXXOOO;59.9
XOXXOOOXO;60.9
XOXXOOOOX;61.9
XOXXOXOOO;62.9
XOXXXOOOO;63.9
OOOXOXXXO;64.9
OOOOXXOXX;65.9
XXOOOXXOO;66.9
XXOOOXOOX;67.9
XXOOOXOXO;68.9
XXOOOOXOX;69.9
XXOOOOXXO;70.9
XXOOXOXOO;71.9
XXOOOOOXX;72.9
XXOOXXOOO;73.9
XXOXOOOOX;74.9
XXOXOXOOO;75.9
XXOXXOOOO;76.9
OXXOOXOXO;77.9
XXOXOOOXO;78.9
